Smiles,cancer
NCCCC[C@H](N)C(O)=O,0.0
N[C@@H](CCCNC(N)=N)C(O)=O,0.0
CCCCC(CC)CCC(CC(C)C)OS(O)(=O)=O,0.0
NCCCNCCCCNCCCN,0.0
N[C@@H](CC(O)=O)C(O)=O,0.0
NCCC[C@H](N)C(O)=O,0.0
N[C@@H](CCC(N)=O)C(O)=O,0.0
N[C@@H](CO)C(O)=O,0.0
CSCC[C@H](N)C(O)=O,0.0
[Ca++].[Ca++].[Ca++].[O-]P([O-])([O-])=O.[O-]P([O-])([O-])=O,0.0
ClC(Cl)Cl,0.0
N[C@@H](CSSC[C@H](N)C(O)=O)C(O)=O,0.0
OC(=O)CCC(O)=O,0.0
N[C@@H](CCC(=O)N[C@@H](CS)C(=O)NCC(O)=O)C(O)=O,0.0
CCCCCCCCCCCCCCCCCC(=O)OC[C@H](COP(O)(=O)OC[C@H](N)C(O)=O)OC(=O)CCCCCCCCCCCCCCCCC,0.0
NCC(O)=O,0.0
CN(CC(O)=O)C(N)=N,0.0
CC(C)C[C@H](N)C(O)=O,0.0
N[C@@H](CS)C(O)=O,0.0
N[C@@H](CCCNC(N)=O)C(O)=O,0.0
C[C@@H](O)[C@H](N)C(O)=O,0.0
[Fe++].NCC([O-])=O.NCC([O-])=O,0.0
C[C@H](N)C(O)=O,0.0
CC(C)[C@H](N)C(O)=O,0.0
CN(CC(N)=O)C(=O)N(CCCl)N=O,1.0
CC[C@H](C)[C@H](N)C(O)=O,0.0
N[C@@H](CC(N)=O)C(O)=O,0.0
FCOC(C(F)(F)F)C(F)(F)F,0.0
CCC(O)(\C=C\Cl)C#C,0.0
C[N+](C)(C)CCCCCCCCCC[N+](C)(C)C,0.0
C[N+](C)(C)CCOC(=O)CCC(=O)OCC[N+](C)(C)C,0.0
FC(F)OC(F)(F)C(F)Cl,0.0
CC(C)C[C@H](CN)CC(O)=O,0.0
[K+],0.0
ClCCNC(=O)N(CCCl)N=O,1.0
[Al],0.0
[Na+].OC([O-])=O,0.0
OCCCC(O)=O,0.0
OC(O)C(Cl)(Cl)Cl,0.0
O.O.[Al+3].[Al+3].[O-][Si]([O-])([O-])O[Si]([O-])([O-])[O-],0.0
CCCC(CCC)C(O)=O,0.0
[Fe],0.0
[Pt],1.0
CCCCCON=O,0.0
CC[C@@H](CO)NCCN[C@@H](CC)CO,0.0
CN(C)C(=N)NC(N)=N,0.0
CC(C)(CO)[C@@H](O)C(=O)NCCC(O)=O,0.0
CCCC(C)(COC(N)=O)COC(N)=O,0.0
NC(CO)(CO)CO,0.0
NC(=N)NO,1.0
C[Se]C[C@H](N)C(O)=O,1.0
[H]C([H])=O,0.0
CCOP(=O)(OCC)[C@@H](C)NC(=O)N(CCCl)N=O,1.0
OP(O)(=O)OP(O)(O)=O,0.0
OC(=O)CC(O)(CC(O)=O)C(O)=O,0.0
OCC(=O)COP(O)(O)=O,1.0
CCCC(C)(COC(N)=O)COC(=O)NC(C)C,0.0
N[C@@H](CSCC(O)=O)C(O)=O,0.0
CC(O)C(O)=O,0.0
COCCOCCCCCC(=O)NCCCC[C@H](N)C(O)=O,0.0
[Ac],1.0
C\C(\C=N\N=C(N)N)=N/N=C(N)N,1.0
[N]=O,0.0
CCOC(N)=O,0.0
CC(C)C(CC=C)C(=O)NC(N)=O,0.0
[Ca++].CC(O)C([O-])=O.CC(O)C([O-])=O,0.0
CCCl,0.0
O.O.O.O.O.O.O.O.O.O.O.O.[O--].[O--].[O--].[O--].[O--].[O--].[O--].[O--].[O--].[Mg++].[Mg++].[Mg++].[Mg++].[Mg++].[Mg++].[Al+3].[Al+3].[O-]C([O-])=O,0.0
ClC=C(Cl)Cl,0.0
O.[Mg++].[Al+3].[Al+3].[O-][Si]([O-])([O-])[O-].[O-][Si]([O-])([O-])[O-],0.0
O.[Na+].CCCCCCCCCCCCCCCC(=O)OC[C@H](COP([O-])(=O)OCCNC(=O)[C@H](C)NC(=O)CC[C@@H](NC(=O)[C@H](C)NC(=O)[C@@H](C)O[C@@H]([C@H](O)[C@H](O)CO)[C@@H](NC(C)=O)C=O)C(N)=O)OC(=O)CCCCCCCCCCCCCCC,1.0
[Na+].[Na+].O[C@H]([C@@H](O)C([O-])=O)C([O-])=O,0.0
O.O.[Na+].[Na+].[Na+].[Au+].[O-]S([S-])(=O)=O.[O-]S([S-])(=O)=O,0.0
[H][N]([H])([H])[Pt](Cl)(Cl)[N]([H])([H])[H],1.0
CCCC(=O)OCOC(=O)C(C)(C)C,1.0
[Fe+3],0.0
NC(N)=N,0.0
[177Lu],1.0
[Fe+3].[Fe+3].[Fe+3].[Fe+3].OP(O)(=O)OP(O)(O)=O.OP(O)(=O)OP(O)(O)=O.OP([O-])(=O)OP([O-])([O-])=O.OC(CC([O-])=O)(CC([O-])=O)C([O-])=O.OC(CC([O-])=O)(CC([O-])=O)C([O-])=O.OC(CC([O-])=O)(CC([O-])=O)C([O-])=O,0.0
[Ga+3].[O-][N+]([O-])=O.[O-][N+]([O-])=O.[O-][N+]([O-])=O,0.0
[Cu+].F[B-](F)(F)F.COC(C)(C)C[N+]#[C-].COC(C)(C)C[N+]#[C-].COC(C)(C)C[N+]#[C-].COC(C)(C)C[N+]#[C-],0.0
OC(=O)CCCCCCCC(O)=O,1.0
CC(=O)NO,0.0
O.O=O.[O-][Cl]=O.[O-][Cl]=O.[O-][Cl]=O.[O-][Cl]=O,1.0
[Zn++].CCN(CC)C([S-])=S.CCN(CC)C([S-])=S,0.0
[Zn++].CCCCN(CCCC)C([S-])=S.CCCCN(CCCC)C([S-])=S,0.0
O.O.[Ca++].OP([O-])([O-])=O,0.0
OP(=O)(NCCCl)NCCCl,1.0
[Fe++].[O-]C(=O)CCC([O-])=O,0.0
[KH],0.0
[Na+].[Na+].OP([O-])([O-])=O,0.0
[Li+].[OH-],0.0
[Li+].[Li+].[Li+].OC(CC([O-])=O)(CC([O-])=O)C([O-])=O,0.0
[Al+3].[O-]P([O-])([O-])=O,0.0
O.O.O.O.O.O.O.O.O.O.[Fe+3].[Fe+3].[Fe+3].[Fe+3].[O-]C(=O)CC([O-])(CC([O-])=O)C([O-])=O.[O-]C(=O)CC([O-])(CC([O-])=O)C([O-])=O.[O-]C(=O)CC([O-])(CC([O-])=O)C([O-])=O,0.0
[Cl-].[Cl-].[Zn++],0.0
[Cl-].[Cl-].[Cl-].[67Ga+3],0.0
CC(=O)N[C@@H](CS)C(O)=O,0.0
[O-][N+](=O)OCC(CO[N+]([O-])=O)(CO[N+]([O-])=O)CO[N+]([O-])=O,0.0
[O--].[O--].[O--].[O--].[Fe++].[Fe+3].[Fe+3],1.0
NCCCC(N)(C(F)F)C(O)=O,1.0
[Mg++].[O-]S([O-])(=O)=O,0.0
CC(C)=CCC\C(C)=C\CC\C(C)=C\CC\C(C)=C\CCC(C)=O,1.0
CC(C)OP(F)(=O)OC(C)C,0.0
CNC(C)CCC=C(C)C,0.0
CCCCCN(C)CCC(O)(P(O)(O)=O)P(O)(O)=O,1.0
[K+].[I-],0.0
[OH-].[OH-].[OH-].[Al+3],0.0
OP(O)(=O)OCC(Cl)(Cl)Cl,0.0
C[N+](C)(C)CC([O-])=O,0.0
[Cl-].[K+],0.0
[NH4+].[Cl-],0.0
OCC(S)CS,0.0
CCOC(=O)CC(SP(=S)(OC)OC)C(=O)OCC,0.0
[Fe+3].[Fe+3].[Fe+3].[Fe+3].N#C[Fe-4](C#N)(C#N)(C#N)(C#N)C#N.N#C[Fe-4](C#N)(C#N)(C#N)(C#N)C#N.N#C[Fe-4](C#N)(C#N)(C#N)(C#N)C#N,0.0
[67Ga+3].OC(CC([O-])=O)(CC([O-])=O)C([O-])=O,0.0
CCC(C)C(C)(COC(N)=O)COC(N)=O,0.0
CCCCCCCCCCCCOCCOCCOCCOCCOCCOCCOCCOCCOCCO,0.0
CC(S)C(=O)NCC(O)=O,0.0
NCCS,0.0
NCC(=O)CCC(O)=O,1.0
[H][C@](N)(C(O)=O)C(C)(C)S,0.0
CN(CCCl)CCCl,1.0
[Cl-].[Cl-].[223Ra++],1.0
CCCCCCCCCCCCCCCCOP([O-])(=O)OCC[N+](C)(C)C,0.0
[Na+].OCCCC([O-])=O,0.0
ON=O,0.0
[Ca++].[N-]=C=[N-],0.0
NC(=O)NO,1.0
[K+].[K+].[K+].OC(CC([O-])=O)(CC([O-])=O)C([O-])=O,0.0
CS(=O)(=O)OCCCCOS(C)(=O)=O,1.0
[Cl-].[Cl-].[Cl-].[Cr+3],0.0
[Na+].[Cl-],0.0
[Na+].[Na+].[Na+].OC(CC([O-])=O)(CC([O-])=O)C([O-])=O,0.0
[99Tc+4].[O-]P([O-])(=O)OP([O-])([O-])=O,0.0
CCOP(=O)(OCC)SCC[N+](C)(C)C,0.0
[K+].[K+].[K+].[K+].[K+].[Bi+3].[O-]C(=O)CC([O-])(CC([O-])=O)C([O-])=O.[O-]C(=O)CC([O-])(CC([O-])=O)C([O-])=O,0.0
[C],0.0
[Mg++].[Mg++].[O-][Si](=O)O[Si]([O-])([O-])O[Si]([O-])=O,0.0
NC(CCC(O)=O)C=C,0.0
[131I-],0.0
O=[Zn],0.0
[F-].[Na+],0.0
CC(C)(CO)[C@@H](O)C(=O)NCCCO,0.0
OP(O)(O)=O,0.0
[Mg++].[Cl-].[Cl-],0.0
[K+].OP(O)([O-])=O,0.0
[K+].[K+].OP([O-])([O-])=O,0.0
[K+].[O-][Cl](=O)(=O)=O,0.0
[123I-],0.0
[Na+].OP(O)([O-])=O,0.0
OCC(O)CO,0.0
[K+].CC(O)C([O-])=O,0.0
[Na+].[Na+].[O-]P([O-])(F)=O,0.0
OS(O)(=O)=S,0.0
N.[Fe+3].OC(=O)CC(O)(CC(O)=O)C(O)=O,0.0
[H]C(=O)[C@H]([18F])[C@@H](O)[C@H](O)[C@H](O)CO,0.0
O=[Ti]=O,0.0
[Na+].[Na+].OCC(O)COP([O-])([O-])=O,0.0
C[N+](C)([11CH3])CCO,0.0
NCCCNCCSP(O)(O)=O,1.0
Cl[Al](Cl)Cl,0.0
CCCCC(CC)COC(=O)CC(C(=O)OCC(CC)CCCC)S(O)(=O)=O,0.0
[Ca++].[Ca++].[Ca++].OC(CC([O-])=O)(CC([O-])=O)C([O-])=O.OC(CC([O-])=O)(CC([O-])=O)C([O-])=O,0.0
[Mg++].[Mg++].[Mg++].OC(CC([O-])=O)(CC([O-])=O)C([O-])=O.OC(CC([O-])=O)(CC([O-])=O)C([O-])=O,0.0
[Na+].[I-],0.0
[Cr],0.0
[H]C(Cl)(Br)C(F)(F)F,0.0
[OH-].[K+],0.0
CCOC(=O)[C@H](CS)NCCN[C@@H](CS)C(=O)OCC,0.0
CCOCCP(CCOCC)CCP(CCOCC)CCOCC,0.0
[Mg++].NCC([O-])=O.NCC([O-])=O,0.0
O=[As]O[As]=O,1.0
C[C@@H]([C@H](O)C1=CC=CC=C1)N(C)C,0.0
N[C@@H](CC1=CC=CC=C1)C(O)=O,0.0
CCN[C@@H](C)CC1=CC=CC(=C1)C(F)(F)F,0.0
CCCC(=O)NC1=CC=C(OCC(O)CNC(C)C)C(=C1)C(C)=O,0.0
N[C@@H](CC1=CC=C(O)C=C1)C(O)=O,0.0
[Na+].CC[Hg]SC1=CC=CC=C1C([O-])=O,0.0
CC(C)NCC(O)COC1=C(C)C(C)=C(OC(C)=O)C(C)=C1,0.0
COC(=O)[C@H](CC1=CC=CC=C1)NC(=O)[C@@H](N)CC(O)=O,0.0
N[C@@H](CC1=CC(O)=C(O)C=C1)C(O)=O,0.0
C[C@@](CC1=CC(O)=C(O)C=C1)(NN)C(O)=O,0.0
C[C@@H](CC1=CC=CC=C1)NC(=O)[C@@H](N)CCCCN,0.0
COC1=CC(C(O)CNC(=O)CN)=C(OC)C=C1,0.0
CN\C(NCC1=CC=CC=C1)=N/C,0.0
CC(C)NCC(O)COC1=CC=C(NC(C)=O)C=C1,0.0
CN[C@@H](C)[C@H](O)C1=CC=CC=C1,0.0
NC1=CC=C(C=C1)S(N)(=O)=O,0.0
CC(=O)NC1=C(I)C(C(O)=O)=C(I)C(NC(C)=O)=C1I,0.0
CC(C)(C)NCC(O)C1=CC(Cl)=C(N)C(Cl)=C1,0.0
CCN(CC)CC(=O)NC1=C(C)C=CC=C1C,0.0
OC(=O)CCCC1=CC=C(C=C1)N(CCCl)CCCl,1.0
CCCCCCCN(CC)CCCC(O)C1=CC=C(NS(C)(=O)=O)C=C1,0.0
CC(=O)NC1=CC=C(O)C=C1,0.0
CN(CC#C)CC1=CC=CC=C1,0.0
NC1=CC=C(C=C1)C(=O)NCC(O)=O,0.0
NC1=CC=C(C=C1)C(O)=O,0.0
ONC(=O)CCCCCCC(=O)NC1=CC=CC=C1,1.0
OC1=CC=CC=C1,0.0
CC(C)CC1=CC=C(C=C1)[C@@H](C)C(=O)NS(C)(=O)=O,1.0
S=C=NCCC1=CC=CC=C1,1.0
CC(N)COC1=C(C)C=CC=C1C,0.0
C[C@H](N)C1=CC=C(C=C1)[C@H](O)CNC(C)(C)C,1.0
NC(CO)C(=O)NNCC1=C(O)C(O)=C(O)C=C1,0.0
[H][C@@](C)(N)[C@]([H])(O)C1=CC=CC=C1,0.0
COC1=C(OCC(O)COC(N)=O)C=CC=C1,0.0
OC(=O)CC1=CC(Cl)=C(OCC=C)C=C1,0.0
OC[C@@H](NC(=O)C(Cl)Cl)[C@H](O)C1=CC=C(C=C1)[N+]([O-])=O,0.0
CNCC(O)C1=CC(OC(=O)C(C)(C)C)=C(OC(=O)C(C)(C)C)C=C1,0.0
CCN(CC)C(=O)NC1=CC=C(OCC(O)CNC(C)(C)C)C(=C1)C(C)=O,0.0
OCC1=C(Cl)C=C(Cl)C=C1,0.0
[I-].[I-].[I-].CC[N+](CC)(CC)CCOC1=CC=CC(OCC[N+](CC)(CC)CC)=C1OCC[N+](CC)(CC)CC,0.0
CC(C)NCC(O)C1=CC=C(NS(C)(=O)=O)C=C1,0.0
CC1=CC=CC=C1OCC(O)CO,0.0
CNC(C)CC1=CC=CC=C1OC,0.0
CC(C)C(=O)NC1=CC(=C(C=C1)[N+]([O-])=O)C(F)(F)F,1.0
N[C@@H](CCC(=O)N[C@@H](CS(=O)(=O)CCOP(=O)(N(CCCl)CCCl)N(CCCl)CCCl)C(=O)N[C@@H](C(O)=O)C1=CC=CC=C1)C(O)=O,1.0
N[C@@H](CC1=CC(O)=C(O)C=C1[18F])C(O)=O,0.0
O=C\C=C\C1=CC=CC=C1,0.0
OC\C=C\C1=CC=CC=C1,0.0
CCNC(C)CC1=CC=CC(=C1)C(F)(F)F,0.0
N[C@@H](COC(N)=O)CC1=CC=CC=C1,0.0
C[N+](C)(C)CCOP([O-])(=O)OCCCCCCCCCCCCCCCCCCC1=CC=C([131I])C=C1,1.0
CC(=O)NS(=O)(=O)C1=CC=C(N)C=C1,0.0
N[C@H](CC1=CC=C(OC[18F])C=C1)C(O)=O,1.0
N[C@@H]([C@H](O)C1=CC(O)=C(O)C=C1)C(O)=O,0.0
NC(N)=NCC1=CC(I)=CC=C1,0.0
CC(C)C1=CC=CC(C(C)C)=C1OCOP(O)(O)=O,0.0
CCN(CC)CCOC(=O)C1=CC=C(N)C=C1,0.0
COC1=CC(C(O)C(C)N)=C(OC)C=C1,0.0
OCC1=CC=CC=C1,0.0
C[C@](N)(CC1=CC=C(O)C=C1)C(O)=O,0.0
NCC1=CC=C(C=C1)S(N)(=O)=O,0.0
ClC1=CC(Cl)=C(Cl)C=C1OCC#CI,0.0
CCCCCCCCCC1=CC=C(OCCOCCOCCOCCOCCOCCOCCOCCOCCO)C=C1,0.0
OC(=O)CCCC1=CC=CC=C1,1.0
O[C@@H]([C@@H](COC(=O)CCC(O)=O)NC(=O)C(Cl)Cl)C1=CC=C(C=C1)[N+]([O-])=O,0.0
CC(C)C1=CC=CC(C(C)C)=C1O,0.0
NC(=O)C1=CC=CC=C1O,0.0
CN[C@@H](C)[C@@H](O)C1=CC=CC=C1,0.0
OCC(O)COC1=CC=C(Cl)C=C1,0.0
C\C(O)=C(/C#N)C(=O)NC1=CC=C(C=C1)C(F)(F)F,0.0
NC(=N)NC(=N)NCCC1=CC=CC=C1,0.0
COCCCOC1=C(OC)C=CC(C[C@@H](C[C@H](N)[C@@H](O)C[C@@H](C(C)C)C(=O)NCC(C)(C)C(N)=O)C(C)C)=C1,0.0
CC(=O)OC1=CC=CC=C1C(O)=O,0.0
NC(=O)OCC(COC(N)=O)C1=CC=CC=C1,0.0
C[C@](N)(CC1=CC=C(O)C(O)=C1)C(O)=O,0.0
CCCCNC1=CC=C(C=C1)C(=O)OCCN(C)C,0.0
CCN(C)C(=O)OC1=CC=CC(=C1)[C@H](C)N(C)C,0.0
CC[N+](C)(C)C1=CC(O)=CC=C1,0.0
[Tc].CC1=CC(C)=C(Br)C(C)=C1NC(=O)CN(CC(O)=O)CC(O)=O,0.0
NC(=N)NC(=O)CC1=C(Cl)C=CC=C1Cl,0.0
CCCN(CCC)S(=O)(=O)C1=CC=C(C=C1)C(O)=O,0.0
CC(C)C1=C(OCCN(C)C)C=C(C)C(OC(C)=O)=C1,0.0
CCN(CC)CCNC(=O)C1=CC=C(N)C=C1,0.0
N[C@@H](CC1=CC=C(C=C1)N(CCCl)CCCl)C(O)=O,1.0
CCOC(=O)C1=CC=C(N)C=C1,0.0
CC(C)NC(C)CC1=CC=C([123I])C=C1,0.0
[H]\C(=C(\[H])C1=CC=C(OC)C=C1)C(=O)OCC(CC)CCCC,0.0
NC(=O)NC(=O)CC1=CC=CC=C1,0.0
COC1=CC=C(O)C=C1,1.0
OP(O)(=O)C(SC1=CC=C(Cl)C=C1)P(O)(O)=O,0.0
CC(C)C[C@H](NC(=O)CNC(=O)C1=CC(Cl)=CC=C1Cl)B(O)O,1.0
NS(=O)(=O)C1=CC(=C(Cl)C(Cl)=C1)S(N)(=O)=O,0.0
OC1=CC(O)=CC=C1,0.0
CC1=CC(O)=CC(C)=C1Cl,0.0
CC(=O)N[C@@H](CC1=CC=C(O)C=C1)C(O)=O,0.0
CC(NC(C)(C)C)C(=O)C1=CC(Cl)=CC=C1,0.0
CC[N+](C)(C)CC1=CC=CC=C1Br,0.0
CCN(CC)CCOC(=O)C1=C(Cl)C=C(N)C=C1,0.0
CNNCC1=CC=C(C=C1)C(=O)NC(C)C,1.0
COC1=CC(OC)=C(Cl)C2=C1C(=O)[C@]1(O2)[C@H](C)CC(=O)C=C1OC,0.0
[H][C@@]12C[C@]3([H])C[C@@H](CC[C@@]3([H])[C@H](\C=C\C3=CC=C(C=N3)C3=CC(F)=CC=C3)[C@]1([H])[C@@H](C)OC2=O)NC(=O)OCC,0.0
[H][C@@]12CCCN1C(=O)[C@H](CC(C)C)N1C(=O)[C@](NC(=O)[C@H]3CN(C)[C@]4([H])CC5=C(Br)NC6=CC=CC(=C56)C4=C3)(O[C@@]21O)C(C)C,0.0
COC(=O)N[C@@H](C(C)C)C(=O)N1CCC[C@H]1C(=O)NC1=CC=C(C=C1)[C@@H]1CC[C@H](N1C1=CC=C(C=C1)C(C)(C)C)C1=CC=C(NC(=O)[C@@H]2CCCN2C(=O)[C@@H](NC(=O)OC)C(C)C)C=C1,0.0
CC(CC1=CC=CC=C1)NCCC(C1=CC=CC=C1)C1=CC=CC=C1,0.0
CC(C)OC1=C(F)C=C(C=C1)C1=NN([C@@H](C)C2=C(C3=CC=CC(F)=C3)C(=O)C3=CC(F)=CC=C3O2)C2=C1C(N)=NC=N2,1.0
COC1=CC=C(NC(=O)C2=CC=C(C=C2)C(=N)N(C)C)C(=C1)C(=O)NC1=CC=C(Cl)C=N1,0.0
CC(C)NC1=C(N=CC=C1)N1CCN(CC1)C(=O)C1=CC2=C(N1)C=CC(NS(C)(=O)=O)=C2,0.0
COC(=O)C1=CC=C2C(NC(=O)\C2=C(/NC2=CC=C(C=C2)N(C)C(=O)CN2CCN(C)CC2)C2=CC=CC=C2)=C1,1.0
O=C1C(CCS(=O)C2=CC=CC=C2)C(=O)N(N1C1=CC=CC=C1)C1=CC=CC=C1,0.0
[H][C@@]12CC[C@](OC(C)=O)(C(C)=O)[C@@]1(C)CC[C@@]1([H])[C@@]2([H])C=C(C)C2=CC(=O)CC[C@]12C,1.0
O[C@@H]1[C@@H](COP(O)(O)=O)O[C@H]([C@@H]1O)N1C=NC2=C1N=CNC2=O,0.0
CC(=O)OC1=CC2=C(CCN(C2)C(C(=O)C2CC2)C2=CC=CC=C2F)S1,0.0
CCCS(=O)(=O)NC1=C(F)C(C(=O)C2=CNC3=NC=C(C=C23)C2=CC=C(Cl)C=C2)=C(F)C=C1,1.0
CN(C)C(=O)N[C@H]1CC[C@H](CCN2CCN(CC2)C2=C(Cl)C(Cl)=CC=C2)CC1,0.0
[H][C@]12OC[C@H](O[N+]([O-])=O)[C@@]1([H])OC[C@H]2O[N+]([O-])=O,0.0
[H][C@]12OC[C@@H](O[N+]([O-])=O)[C@@]1([H])OC[C@@H]2O,0.0
[H][C@]1(C[C@@H]2CC[N@]1C[C@@H]2C=C)[C@H](O)C1=CC=NC2=CC=C(OC)C=C12,0.0
[H][C@@]12CCN(C[C@@H]1C=C)[C@]([H])(C2)[C@@H](O)C1=C2C=C(OC)C=CC2=NC=C1,0.0
CCCCC1=NC2(CCCC2)C(=O)N1CC1=CC=C(C=C1)C1=CC=CC=C1C1=NNN=N1,0.0
CCOC(=O)N1CCC(CN(CC2=CC=C(S2)[N+]([O-])=O)CC2=CC=C(Cl)C=C2)C1,1.0
NC1=[N+]([O-])C2=C(C=CC=C2)[N+]([O-])=N1,1.0
[H]\C(CN1CCCC1)=C(\C1=CC=C(C)C=C1)C1=CC=CC(=N1)C(\[H])=C(/[H])C(O)=O,0.0
CC1=CC=C(C=C1)C(=C/CN1CCCC1)\C1=CC=CC=N1,0.0
CC1=C(SC=C1)C(=CCCN1CCC[C@H](C1)C(O)=O)C1=C(C)C=CS1,0.0
[H][C@@]12CC[C@H](OC(=O)CC)[C@@]1(C)CC[C@@]1([H])[C@@]2([H])CC[C@@]2([H])CC(=O)[C@H](C)C[C@]12C,0.0
[H][C@]12N(C)CC[C@@]1(C)C1=C(C=CC(OC(=O)NC)=C1)N2C,0.0
COC1=CC(\C=C\C(=O)CC(=O)\C=C\C2=CC(OC)=C(O)C=C2)=CC=C1O,1.0
FC(F)(F)C1=CC(=CC=C1)N1CCN(CCN2C(=O)NC3=CC=CC=C23)CC1,0.0
CS(=O)(=O)C1=CC(Cl)=C(C=C1)C(=O)NC1=CC=C(Cl)C(=C1)C1=CC=CC=N1,1.0
[H][C@]12C[C@@H](OC(=O)C=CC3=CC(OC)=C(OC)C(OC)=C3)[C@H](OC)[C@@H](C(=O)OC)[C@@]1([H])C[C@@]1([H])N(CCC3=C1NC1=C3C=CC(OC)=C1)C2,0.0
OC(=O)[C@@H](CC1=CC(O)=C(O)C=C1)OC(=O)\C=C\C1=C(/C=C/C2=CC(O)=C(O)C=C2)C(O)=C(O)C=C1,1.0
N#CC1=CC=C(C=C1)C(N1C=NC=N1)C1=CC=C(C=C1)C#N,1.0
CCC1=C(C)NC2=C1C(=O)C(CN1CCOCC1)CC2,0.0
CC(C)N=C1C=C2N(C3=CC=C(Cl)C=C3)C3=C(C=CC=C3)N=C2C=C1NC1=CC=C(Cl)C=C1,0.0
C1=CN(C=N1)C(C1=CC=CC=C1)C1=CC=C(C=C1)C1=CC=CC=C1,0.0
CC1=NC=C(OC[C@]2(C[C@H]2C(=O)NC2=NC=C(F)C=C2)C2=CC=CC(F)=C2)C(C)=N1,0.0
CC(C)C[C@H](NC(=O)[C@H](CC1=CC=CC=C1)NC(=O)C1=CN=CC=N1)B(O)O,1.0
[H][C@@]12N3CC[C@@]11C4=CC(=C(OC)C=C4N(C)[C@@]1([H])[C@](O)([C@H](O)[C@]2(CC)C=CC3)C(N)=O)[C@]1(C[C@@]2([H])CN(C[C@](O)(CC)C2)CCC2=C1NC1=C2C=CC=C1)C(=O)OC,1.0
[H][C@@]12N3CC[C@@]11C4=C(C=C(OC)C(=C4)[C@]4(C[C@H]5C[N@](C[C@](O)(CC)C5)CCC5=C4NC4=CC=CC=C54)C(=O)OC)N(C=O)[C@@]1([H])[C@](O)([C@H](OC(C)=O)[C@]2(CC)C=CC3)C(=O)OC,1.0
[H][C@@]12N(C)C3=CC(OC)=C(C=C3[C@@]11CCN3CC=C[C@@](CC)([C@@H](OC(C)=O)[C@]2(O)C(=O)OC)[C@@]13[H])[C@]1(C[C@@]2([H])CN(C[C@](O)(CC)C2)CCC2=C1NC1=C2C=CC=C1)C(=O)OC,1.0
CN(C)CCOC1=CC=C(C=C1)C(=C(\CCCl)C1=CC=CC=C1)\C1=CC=CC=C1,1.0
CC\C(=C(/C1=CC=CC=C1)C1=CC=C(OCCN(C)C)C=C1)C1=CC=CC=C1,1.0
CC\C(=C(/C1=CC=C(O)C=C1)C1=CC=C(OCCN(C)C)C=C1)C1=CC=CC=C1,1.0
CCCCC1=NC=C(\C=C(/CC2=CC=CS2)C(O)=O)N1CC1=CC=C(C=C1)C(O)=O,0.0
[H]N(N=C1CC[C@@]2(C)C(CC[C@@]3([H])[C@]4([H])CC[C@H](OC(=O)CCCCCC)[C@@]4(C)CC[C@]23[H])=C1)C(=O)C(O)(C1=CC=CC=C1)C1=CC=CC=C1,0.0
O=C(C1CCCCC1)N1CC2N(CCC3=CC=CC=C23)C(=O)C1,0.0
CCC(COC(=O)C1=CC(OC)=C(OC)C(OC)=C1)(N(C)C)C1=CC=CC=C1,0.0
[H][C@@]12CC[C@](C)(O)[C@@]1(C)CC[C@@]1([H])[C@@]2([H])CC[C@@]2([H])CC3=NNC=C3C[C@]12C,0.0
[H][C@]12CN3C=C(C(=O)NCC4=CC=C(F)C=C4F)C(=O)C(O)=C3C(=O)N1[C@H](C)CCO2,0.0
C#CC1=CC=CC(NC2=NC=NC3=CC4=C(OCCOCCOCCO4)C=C23)=C1,1.0
COC1=CC2=C(C=C1OC)C(N)=NC(=N2)N(C)CCCNC(=O)C1CCCO1,0.0
CC[C@@]12C=CCN3CC[C@@]4([C@H]13)[C@@H](N(C)C1=CC(OC)=C(C=C41)[C@]1(C[C@@H]3C[C@H](C[N@@](C3)CC3=C1NC1=CC=CC=C31)C(C)(F)F)C(=O)OC)[C@](O)([C@@H]2OC(C)=O)C(=O)OC,1.0
CCOCCN1C(=NC2=CC=CC=C12)N1CCCN(C)CC1,0.0
CCN(CC)CCCC(C)NC1=C2C=C(OC)C=CC2=NC2=C1C=CC(Cl)=C2,1.0
NC(=O)C1=CN(CC2=C(F)C=CC=C2F)N=N1,0.0
COC1=CC=C2C(OC3=CC4=CC=CC(C(=O)NC5=CC=CC=C5N)=C4C=C3)=CC=NC2=C1,1.0
CCC(=O)O[C@@H](OP(=O)(CCCCC1=CC=CC=C1)CC(=O)N1C[C@@H](C[C@H]1C(O)=O)C1CCCCC1)C(C)C,0.0
CC(C)(C)C1=CC=C(C=C1)C(=O)CCCN1CCC(CC1)OC(C1=CC=CC=C1)C1=CC=CC=C1,0.0
FC1=CC=C(C=C1)C(=O)CCCN1CCC(=CC1)N1C(=O)NC2=CC=CC=C12,0.0
CCN(CC)CCNC(=O)C1=C(C)NC(\C=C2/C(=O)NC3=C2C=C(F)C=C3)=C1C,1.0
[H][C@@]1(OC(=O)C(O)=C1O)[C@@H](O)CO,0.0
ONC(=O)\C=C\C1=CC=CC(=C1)S(=O)(=O)NC1=CC=CC=C1,1.0
NC1=NC(=O)N(C=N1)[C@H]1C[C@H](O)[C@@H](CO)O1,1.0
NC1=NC(=O)N(C=N1)[C@@H]1O[C@H](CO)[C@@H](O)[C@H]1O,1.0
CC(C)OC1=C(C=C(C=C1)C1=NC(=NO1)C1=C2CC[C@H](NCCO)C2=CC=C1)C#N,0.0
CCOC(=O)C1=C2CN(C)C(=O)C3=C(C=CC(F)=C3)N2C=N1,0.0
[H]C(=N[C@@H]1C(=O)N2[C@@H](C(=O)OCOC(=O)C(C)(C)C)C(C)(C)S[C@]12[H])N1CCCCCC1,0.0
CC1(C)N=C(N)N=C(N)N1C1=CC=C(Cl)C=C1,0.0
[H][C@@](CC)(NC1=NC=NC2=C1N=CN2)C1=NC2=CC=CC(F)=C2C(=O)N1C1=CC=CC=C1,1.0
N1C2=CC=CC=C2N=C1C1=CSC=N1,0.0
CCN[C@H]1C[C@H](C)S(=O)(=O)C2=C1C=C(S2)S(N)(=O)=O,0.0
NC(N)=NCCN1CCCCCCC1,0.0
[Na+].[Na+].[Zr].[O-][Si]1([O-])O[Si]([O-])([O-])O[Si]([O-])([O-])O1,0.0
CC(C)[C@H](N)C(=O)OCCOCN1C=NC2=C1NC(N)=NC2=O,1.0
CCOC(=O)[C@H](CCC1=CC=CC=C1)N[C@@H](C)C(=O)N1CC2=CC=CC=C2C[C@H]1C(O)=O,0.0
CCOC(=O)[C@H](CCC1=CC=CC=C1)N[C@@H](C)C(=O)N1CC2=CC(OC)=C(OC)C=C2C[C@H]1C(O)=O,0.0
[H][C@@]1(CC[C@@]2([H])\C(CCC[C@]12C)=C\C=C1C[C@@H](O)C[C@H](O)C1)[C@H](C)\C=C\[C@H](C)C(C)(C)O,1.0
CONC(=O)NC1=CC=C(C=C1)C1=C(CN(C)C)C2=C(S1)N(CC1=C(F)C=CC=C1F)C(=O)N(C2=O)C1=CC=C(OC)N=N1,1.0
CC(C)CC(N(C)C)C1(CCC1)C1=CC=C(Cl)C=C1,0.0
CC\C(=C(\C1=CC=C(\C=C\C(O)=O)C=C1)C1=CC=C2NN=CC2=C1)C1=CC=C(F)C=C1Cl,1.0
[H]\C(=C(\[H])C1=CC(OC)=C(OC)C=C1)C1=NC2=C(N1C)C(=O)N(CC)C(=O)N2CC,0.0
CCC(=O)O[C@@](CC1=CC=CC=C1)([C@H](C)CN(C)C)C1=CC=CC=C1,0.0
NC1=CC=C(C=C1)S(=O)(=O)NC1=NC=CS1,0.0
C(N1CCCNCCNCCCNCC1)C1=CC=C(CN2CCCNCCNCCCNCC2)C=C1,1.0
CN1CCC(CC1)=C1C2=CC=CC=C2SC2=CC=CC=C12,0.0
[H][C@@]12CC3=CC=C(OC4=C5C(CC[N+](C)(C)[C@]5([H])CC5=CC(OC6=C(OC)C=C(CCN1C)C2=C6)=C(O)C=C5)=CC(OC)=C4O)C=C3,0.0
CCCN1CCCC[C@H]1C(=O)NC1=C(C)C=CC=C1C,0.0
CCCCN1CCCCC1C(=O)NC1=C(C)C=CC=C1C,0.0
OC(O)C(Cl)(Cl)Cl.OC(O)C(Cl)(Cl)Cl.CN1N(C(=O)C=C1C)C1=CC=CC=C1,0.0
CN(C)C1=C(C)N(C)N(C1=O)C1=CC=CC=C1,0.0
CN(CS(O)(=O)=O)C1=C(C)N(C)N(C1=O)C1=CC=CC=C1,0.0
CN1N(C(=O)C=C1C)C1=CC=CC=C1,0.0
CC(C)(OC1=CC=C(CCNC(=O)C2=CC=C(Cl)C=C2)C=C1)C(O)=O,0.0
CN1C=C(C=N1)C1=CN2N=CN=C(N3CCN(CC3)C3=NC=C(C=N3)[C@@](C)(N)C3=CC=C(F)C=C3)C2=C1,1.0
CCC1=NN(CCCN2CCN(CC2)C2=CC(Cl)=CC=C2)C(=O)N1CCOC1=CC=CC=C1,0.0
NC1=NC(=O)C2=C(NC=C2CCC2=CC=C(C=C2)C(=O)N[C@@H](CCC(O)=O)C(O)=O)N1,1.0
CC1=C(CCN2CCC(CC2)C2=NOC3=C2C=CC(F)=C3)C(=O)N2CCCCC2=N1,0.0
CC1=C(CCN2CCC(CC2)C2=NOC3=C2C=CC(F)=C3)C(=O)N2CCCC(O)C2=N1,0.0
[H][C@@]12[C@@H]3SC[C@]4(NCCC5=C4C=C(OC)C(O)=C5)C(=O)OC[C@H](N1[C@@H](O)[C@@H]1CC4=CC(C)=C(OC)C(O)=C4[C@H]2N1C)C1=C2OCOC2=C(C)C(OC(C)=O)=C31,1.0
COC1=CC=C(CN(CCN(C)C)C2=NC=CC=C2)C=C1,0.0
CN(C)CCN(CC1=CC=CC=C1)C1=CC=CC=N1,0.0
NC1=NC(=NC(N)=N1)C1=C(Cl)C=CC(Cl)=C1,0.0
NC1=NC=NC2=C1C(=NN2[C@@H]1CCCN(C1)C(=O)C=C)C1=CC=C(OC2=CC=CC=C2)C=C1,1.0
COC1=C(C=C(Cl)C=C1)C(=O)NCCC1=CC=C(C=C1)S(=O)(=O)NC(=O)NC1CCCCC1,0.0
C[C@H](O)[C@H](C)[C@@H]1O[C@H]1C[C@H]1CO[C@@H](C\C(C)=C\C(=O)OCCCCCCCCC(O)=O)[C@H](O)[C@@H]1O,0.0
CC(O)(CS(=O)(=O)C1=CC=C(F)C=C1)C(=O)NC1=CC(=C(C=C1)C#N)C(F)(F)F,1.0
CCCNCC(O)COC1=C(C=CC=C1)C(=O)CCC1=CC=CC=C1,0.0
NC(=O)[C@@H]1CC[C@@H]2CN1C(=O)N2OS(O)(=O)=O,0.0
CC(C)C[C@H](NC(=O)[C@@H](CC1=CC=C(NC(N)=O)C=C1)NC(=O)[C@H](CC1=CC=C(NC(=O)[C@@H]2CC(=O)NC(=O)N2)C=C1)NC(=O)[C@H](CO)NC(=O)[C@@H](CC1=CC=CN=C1)NC(=O)[C@@H](CC1=CC=C(Cl)C=C1)NC(=O)[C@@H](CC1=CC=C2C=CC=CC2=C1)NC(C)=O)C(=O)N[C@@H](CCCCNC(C)C)C(=O)N1CCC[C@H]1C(=O)N[C@H](C)C(N)=O,1.0
[H][C@@]12OC3=C(O)C=CC4=C3[C@@]11CCN(C)[C@]([H])(C4)[C@]1([H])C=C[C@@H]2O,0.0
CC1=CC2=C(C=C1S(N)(=O)=O)S(=O)(=O)CCC2,0.0
CC1=C(CC(O)=O)C2=CC(F)=CC=C2\C1=C/C1=CC=C(C=C1)S(C)(=O)=O,1.0
CC1=C(CC(O)=O)C2=CC(F)=CC=C2\C1=C/C1=CC=C(C=C1)S(C)=O,1.0
[H][C@@]12CCC[C@]1([H])CN(C2)NC(=O)NS(=O)(=O)C1=CC=C(C)C=C1,0.0
CCN(CC)CCS(=O)(=O)[C@@H]1CCN2[C@H]1C(=O)O[C@H](C(C)C)[C@H](C)\C=C\C(=O)NC\C=C\C(\C)=C\[C@@H](O)CC(=O)CC1=NC(=CO1)C2=O,0.0
CNC(=O)C1=CC(OC2=CC=C(NC(=O)NC3=CC(=NN3C3=CC4=CC=CN=C4C=C3)C(C)(C)C)C(F)=C2)=CC=N1,1.0
COC1=CC2=C(C=C1)N=C(N2)S(=O)CC1=NC=C(C)C(OC)=C1C,0.0
COC1=CC=C(CN(CCN(C)C)C2=NC=CC=N2)C=C1,0.0
CN(CC1=CN=C2N=C(N)N=C(N)C2=N1)C1=CC=C(C=C1)C(=O)N[C@@H](CCC(O)=O)C(O)=O,1.0
NC1=NC2=C(N=C(CNC3=CC=C(C=C3)C(=O)N[C@@H](CCC(O)=O)C(O)=O)C=N2)C(N)=N1,1.0
CN1CC(C2=CC=CC=C2)C2=C(C1)C(N)=CC=C2,0.0
[H][C@]1(C)CN(C[C@@]([H])(C)O1)C1=CC=C(NC(=O)C2=CC=CC(=C2C)C2=CC=C(OC(F)(F)F)C=C2)C=N1,1.0
[H][C@]1(N)C[C@]([H])(O[C@@]2([H])C[C@@](O)(CC3=C(O)C4=C(C(O)=C23)C(=O)C2=C(C=CC=C2OC)C4=O)C(=O)CO)O[C@@]([H])(C)[C@@]1([H])O[C@]1([H])CCCCO1,1.0
CCC1(C(=O)NC(=O)NC1=O)C1=CC2CCC(C2)C1,0.0
ClCCNP1(=O)OCCCN1CCCl,1.0
ClCCN(CCCl)P1(=O)OCCCN1CCCl,1.0
OO[C@@H]1CCO[P@](=O)(N1)N(CCCl)CCCl,1.0
ClCCN(CCCl)P1(=O)NCCCO1,1.0
OS(=O)(=O)CCS[C@H]1CCO[P@@](=O)(N1)N(CCCl)CCCl,1.0
C[N+]1=C(\C=N\O)C=CC=C1,0.0
CN(C)C(=O)OC1=C[N+](C)=CC=C1,0.0
CN(C)C1=NC(=NC(=N1)N(C)C)N(C)C,1.0
[H]C(=O)N1C(CNC2=CC=C(C=C2)C(=O)N[C@@H](CCC(O)=O)C(O)=O)CNC2=C1C(=O)NC(N)=N2,1.0
COC1=C(OC)C=C2C(N)=NC(=NC2=C1)N1CCN(CC1)C(=O)C1=CC=CO1,0.0
[H][C@@]12CCO[C@]1([H])OC[C@@H]2OC(=O)N[C@@H](CC1=CC=CC=C1)[C@H](O)CN(CC(C)C)S(=O)(=O)C1=CC=C(N)C=C1,0.0
C1CC1C(NC1=NCCO1)C1CC1,0.0
CCC1=CN=C(CCOC2=CC=C(CC3SC(=O)NC3=O)C=C2)C=C1,0.0
[H][C@]12C[C@H](NC(=O)C[C@H](O)C(C)(C)C(=O)[C@H](C)[C@@H](O)[C@@H](C)CCC[C@@]1(C)O2)C(\C)=C\C1=CSC(C)=N1,1.0
NC(=O)C1=CC(N2CC2)=C(C=C1[N+]([O-])=O)[N+]([O-])=O,1.0
COC(=O)C1=C(C)NC(C)=C(C1C1=CC(=CC=C1)N(=O)=O)C(=O)OCCN1CCN(CC1)C(C1=CC=CC=C1)C1=CC=CC=C1,0.0
[H][C@]12CC[C@]3([H])[C@]([H])(C[C@@H](O)[C@]4(C)[C@H](CC[C@]34O)C3=CC(=O)OC3)[C@@]1(C)CC[C@@H](C2)O[C@H]1C[C@H](O)[C@H](O[C@H]2C[C@H](O)[C@H](O[C@H]3C[C@H](O)[C@H](O)[C@@H](C)O3)[C@@H](C)O2)[C@@H](C)O1,0.0
COC1=NC=CN=C1NS(=O)(=O)C1=CC=C(N)C=C1,0.0
C[C@@H]1O[C@H](C[C@H](N)[C@@H]1O)O[C@H]1C[C@@](O)(CC2=C1C(O)=C1C(=O)C3=CC=CC=C3C(=O)C1=C2O)C(C)=O,1.0
COC1=CC=CC2=C1C(=O)C1=C(O)C3=C(C[C@](O)(C[C@@H]3O[C@H]3C[C@H](N)[C@H](O)[C@H](C)O3)C(C)=O)C(O)=C1C2=O,1.0
COC1=CC=CC2=C1C(=O)C1=C(O)C3=C(C[C@](O)(C[C@@H]3O[C@H]3C[C@H](N)[C@H](O)[C@H](C)O3)C(=O)CO)C(O)=C1C2=O,1.0
[H][C@@]1(C[C@@](N)(CC2=C1C(O)=C1C(=O)C3=CC=CC=C3C(=O)C1=C2O)C(C)=O)O[C@H]1C[C@H](O)[C@H](O)CO1,1.0
[H][C@@]1(C[C@@](O)(CC2=C(O)C3=C(C(O)=C12)C(=O)C1=C(OC)C=CC=C1C3=O)C(=O)COC(=O)CCCC)O[C@H]1C[C@H](NC(=O)C(F)(F)F)[C@H](O)[C@H](C)O1,1.0
COC1=CC=CC2=C1C(=O)C1=C(O)C3=C(C[C@](O)(C[C@@H]3O[C@H]3C[C@H](N)[C@@H](O)[C@H](C)O3)C(=O)CO)C(O)=C1C2=O,1.0
[H]\C(=C(/[H])C1=C(OP(O)(O)=O)C(OP(O)(O)=O)=C(OC)C=C1)C1=CC(OC)=C(OC)C(OC)=C1,1.0
CNC1=CC=C(\C=C\C2=CC=C(OCCOCCOCC[18F])C=C2)C=C1,0.0
CN(C)CCC1=CNC2=C1C=C(CN1C=NC=N1)C=C2,0.0
OC(=O)CCC1=NC(=C(O1)C1=CC=CC=C1)C1=CC=CC=C1,0.0
CC1=CC(=C(O)C(C)=C1CC1=NCCN1)C(C)(C)C,0.0
OC[C@H]1O[C@@H](O[C@H]2[C@H](O)[C@@H](O)C(O)O[C@@H]2CO)[C@H](O)[C@@H](O)[C@H]1O,0.0
O[C@@H]1CO[C@@H](O[C@@H]2CO[C@@H](O)[C@H](OS(O)(=O)=O)[C@H]2OS(O)(=O)=O)[C@H](OS(O)(=O)=O)[C@H]1OS(O)(=O)=O,0.0
[H][C@]12CC3=C(NC4=CC=CC=C34)[C@H](N1C(=O)CN(C)C2=O)C1=CC2=C(OCO2)C=C1,1.0
OS(=O)(=O)OC1=CC=C(C=C1)C(C1=CC=C(OS(O)(=O)=O)C=C1)C1=CC=CC=N1,0.0
NS(=O)(=O)C1=C(Cl)C=C2NC=NS(=O)(=O)C2=C1,0.0
CC1=NS(=O)(=O)C2=C(N1)C=CC(Cl)=C2,0.0
CNC(=O)C1=C(F)C=C(C=C1)C1=NN2C(CC3=CC4=C(C=C3)N=CC=C4)=CN=C2N=C1,1.0
CN(C)S(=O)(=O)C1=CC2=C(SC3=CC=CC=C3\C2=C\CCN2CCN(C)CC2)C=C1,0.0
OCCN1CCN(CC\C=C2\C3=C(SC4=C2C=C(Cl)C=C4)C=CC=C3)CC1,0.0
[H]\C(CCN1CCN(CCO)CC1)=C1/C2=CC=CC=C2SC2=C1C=C(C=C2)C(F)(F)F,0.0
CC(C1=C(CCN(C)C)CC2=CC=CC=C12)C1=CC=CC=N1,0.0
COC1=CC(=CC(OC)=C1OC)C(=O)OCCCN(C)CCN(C)CCCOC(=O)C1=CC(OC)=C(OC)C(OC)=C1,0.0
CN(C)CC\C=C1\C2=CC=CC=C2SC2=CC=C(Cl)C=C12,0.0
CC(C)COCC(CN(CC1=CC=CC=C1)C1=CC=CC=C1)N1CCCC1,0.0
C[C@H]1CCC[C@@]2(C)O[C@H]2C[C@H](OC(=O)C[C@H](O)C(C)(C)C(=O)[C@H](CC=C)[C@H]1O)C1=CC=C2SC(C)=NC2=C1,1.0
CC(C)(O)CNC1=NC(=NC(NC2=CC(=NC=C2)C(F)(F)F)=N1)C1=NC(=CC=C1)C(F)(F)F,1.0
CO[C@@H]1C[C@@H](CC[C@H]1O)\C=C(/C)[C@H]1OC(=O)[C@@H]2CCCCN2C(=O)C(=O)[C@]2(O)O[C@@H]([C@H](C[C@H]2C)OC)[C@H](C[C@@H](C)C\C(C)=C\[C@@H](CC=C)C(=O)C[C@H](O)[C@H]1C)OC,1.0
CCNC(=O)[C@@H]1CCCN1C(=O)[C@H](CCCNC(N)=N)NC(=O)[C@H](CC(C)C)NC(=O)[C@@H](CC(C)C)NC(=O)[C@H](CC1=CC=C(O)C=C1)NC(=O)[C@H](CO)NC(=O)[C@H](CC1=CNC2=C1C=CC=C2)NC(=O)[C@H](CC1=CNC=N1)NC(=O)[C@@H]1CCC(=O)N1,1.0
CCCN(CCC1=CC=CS1)[C@H]1CCC2=C(O)C=CC=C2C1,0.0
OC(CCN1CCCCC1)(C1CC2CC1C=C2)C1=CC=CC=C1,0.0
COC1=C(Cl)C(OC)=C(Cl)C(=N1)C(Cl)(Cl)Cl,1.0
CNCCC1=CC=CC=N1,0.0
CCCC1=CC(=CC=N1)C(N)=S,0.0
NNC(=O)C1=CC=NC=C1,0.0
OC(CC1=CN=CC=C1)(P(O)(O)=O)P(O)(O)=O,1.0
NC1=CC=NC=C1N,0.0
CC(N\C(NC#N)=N\C1=CC=NC=C1)C(C)(C)C,0.0
CC(C)(C)NCC(O)C1=NC(CO)=C(O)C=C1,0.0
CCC1=NC=CC(=C1)C(N)=S,0.0
[O-][N+](=O)OCCNC(=O)C1=CC=CN=C1,0.0
CN1N=CN=C1[C@@H]1[C@H](NC2=C3C1=NNC(=O)C3=CC(F)=C2)C1=CC=C(F)C=C1,1.0
CC1=CC=C(NC(=O)C2(CC2)C2=CC=C3OC(F)(F)OC3=C2)N=C1C1=CC(=CC=C1)C(O)=O,0.0
CN1CCCC(CC1)N1N=C(CC2=CC=C(Cl)C=C2)C2=CC=CC=C2C1=O,0.0
[H][C@@]1(O[C@@H]2[C@@H](CC)\C=C(C)\[C@@H](O)C\C=C\C=C(CO[C@@H]3O[C@H](C)[C@@H](OC(=O)C4=C(CC)C(Cl)=C(O)C(Cl)=C4O)[C@H](O)[C@@H]3OC)\C(=O)O[C@@H](C\C=C(/C)\C=C2/C)[C@@H](C)O)OC(C)(C)[C@@H](OC(=O)C(C)C)[C@H](O)[C@@H]1O,0.0
CCC1=CC2=C(S1)N(C)C(=O)CN=C2C1=CC=CC=C1Cl,0.0
CC1=CC(NC2=NC=NC3=CC=C(NC4=NC(C)(C)CO4)C=C23)=CC=C1OC1=CC2=NC=NN2C=C1,1.0
COC1=C(C=C(C=C1)C1=CC2=C(C=C1)C=C(C=C2)C(O)=O)C12CC3CC(CC(C3)C1)C2,0.0
[H][C@@]12[C@@H](C)C3=CC=CC(O)=C3C(=O)C1=C(O)[C@]1(O)C(=O)C(C(N)=O)=C(O)[C@@H](N(C)C)[C@]1([H])[C@H]2O,1.0
[H][C@@]12CC3=C(C(O)=CC=C3N(C)C)C(=O)C1=C(O)[C@]1(O)C(=O)C(C(N)=O)=C(O)[C@@H](N(C)C)[C@]1([H])C2,1.0
COC1=C(C\C=C(/C)CCC(=O)OCCN2CCOCC2)C(O)=C2C(=O)OCC2=C1C,1.0
CC1(COC2=CC=C3N(C=NC3=C2)C2=CC=C3C=CC=C(N4CCC(N)CC4)C3=N2)COC1,1.0
[H][C@@]12C[C@]1([H])N([C@@H](C2)C#N)C(=O)[C@@H](N)C12CC3CC(CC(O)(C3)C1)C2,0.0
NC1=CC=C(C=C1)S(=O)(=O)NC1=CC=CC=N1,0.0
CC1=CC(=NN=C1NCCN1CCOCC1)C1=CC=CC=C1,0.0
CN1CCC(CC1)=C1C2=C(CCC3=CC=CC=C13)SC=C2,0.0
CCC1(CCC(C)C)C(=O)NC(=O)NC1=O,0.0
CCCC(C)C1(CC=C)C(=O)NC(=O)NC1=O,0.0
CCCC(C)C1(CC)C(=O)NC(=O)NC1=O,0.0
CCCCC1(CC)C(=O)NC(=O)NC1=O,0.0
CC(O)CC1(CC=C)C(=O)NC(=O)NC1=O,0.0
CCC#CC(C)C1(CC=C)C(=O)NC(=O)N(C)C1=O,0.0
CCC(C)C1(CC)C(=O)NC(=O)NC1=O,0.0
CC(C)CC1(CC=C)C(=O)NC(=O)NC1=O,0.0
CCC(C)C1(CC=C)C(=O)NC(=O)NC1=O,0.0
[H][C@@]12[C@@H]3SC[C@]4(NCCC5=C4NC4=CC=C(OC)C=C54)C(=O)OC[C@H](N1[C@@H](O)[C@@H]1CC4=CC(C)=C(OC)C(O)=C4[C@@]2([H])N1C)C1=C2OCOC2=C(C)C(OC(C)=O)=C31,1.0
[H][C@@]1(C[C@H](O)NC(=N)N1)[C@]1([H])NC(=O)\C(NC(=O)[C@H](CO)NC(=O)[C@H](CO)NC(=O)[C@H](CNC1=O)NC(=O)C[C@@H](N)CCCN)=C\NC(N)=O,0.0
[H][C@]12C[C@@H](O)[C@H](\C=C\[C@@H](O)CCCCC)[C@@]1([H])C\C(O2)=C\CCCC(O)=O,0.0
ClCCN(CCCl)C1=CNC(=O)NC1=O,1.0
O=C1NC=CC(=O)N1,1.0
FC1=CNC(=O)NC1=O,1.0
CC(C)C(=O)OC(C)OC(=O)NCC1(CC(O)=O)CCCCC1,0.0
Cl[C@H]1[C@H](Cl)[C@@H](Cl)[C@@H](Cl)[C@H](Cl)[C@H]1Cl,0.0
NCC1(CC(O)=O)CCCCC1,0.0
N.[Cl-].[Cl-].[Pt+4].CC([O-])=O.CC([O-])=O.NC1CCCCC1,1.0
ClCCN(N=O)C(=O)NC1CCCCC1,1.0
NC[C@H]1CC[C@@H](CC1)C(O)=O,0.0
CN[C@H]1[C@H](O)[C@@H](O)[C@H](CO)O[C@H]1O[C@H]1[C@H](O[C@H]2[C@H](O)[C@@H](O)[C@H](NC(N)=N)[C@@H](O)[C@@H]2NC(N)=N)O[C@@H](C)[C@]1(O)C=O,0.0
CN[C@H]1[C@H](O)[C@@H](O)[C@H](CO)O[C@H]1O[C@H]1[C@H](O[C@H]2[C@H](O)[C@@H](O)[C@H](NC(N)=N)[C@@H](O)[C@@H]2NC(N)=N)O[C@@H](C)[C@]1(O)CO,0.0
NC1=NC(N)=C2N=CN(CCOCP(O)(O)=O)C2=N1,1.0
CC(=O)OCC(CCN1C=NC2=CN=C(N)N=C12)COC(C)=O,0.0
C#CCN[C@@H]1CCC2=CC=CC=C12,0.0
CCC(C)N1N=CN(C1=O)C1=CC=C(C=C1)N1CCN(CC1)C1=CC=C(OC[C@H]2CO[C@@](CN3C=NC=N3)(O2)C2=CC=C(Cl)C=C2Cl)C=C1,1.0
CC(N1N=C(N)CC1=O)C1=CC(Cl)=C(Cl)C=C1,0.0
ClC1=CC=C(C=C1)C12CC3CC(CC(C3)(C1)C(=O)NCC1=CC=NC=C1)C2,1.0
COC([C@H](OC1=NC(C)=CC(C)=N1)C(O)=O)(C1=CC=CC=C1)C1=CC=CC=C1,0.0
CC(C)COC1=CC=C(CNC(=O)N(CC2=CC=C(F)C=C2)C2CCN(C)CC2)C=C1,0.0
CNCC1=CC=C(C=C1)C1=C2CCNC(=O)C3=C2C(N1)=CC(F)=C3,1.0
CN[C@@H]1CCC2=C(C1)C1=C(N2)C=CC(=C1)C(N)=O,0.0
CN1CCCC(CC2C3=CC=CC=C3SC3=CC=CC=C23)C1,0.0
CCCCCCCCCCCC(=O)OCN1C(=O)CCC2=CC=C(OCCCCN3CCN(CC3)C3=C(Cl)C(Cl)=CC=C3)C=C12,0.0
ClC1=CC=CC(N2CCN(CCCCOC3=CC4=C(CCC(=O)N4)C=C3)CC2)=C1Cl,0.0
ClC1=CC=C(CSC(CN2C=CN=C2)C2=C(Cl)C=C(Cl)C=C2)C=C1,0.0
CCN1C=CC(NS(=O)(=O)C2=CC=C(N)C=C2)=NC1=O,0.0
COC1=CC(OC)=C(\C=C\S(=O)(=O)CC2=CC=C(OC)C(NCC(O)=O)=C2)C(OC)=C1,1.0
CCC1=CC(=CC=C1CN1CC(C1)C(O)=O)C(\C)=N\OCC1=CC=C(C2CCCCC2)C(=C1)C(F)(F)F,0.0
OC(CNCCNC(=O)N1CCOCC1)COC1=CC=C(O)C=C1,0.0
NC(=O)N1C2=C(C[C@H](O)C3=C1C=CC=C3)C=CC=C2,0.0
CC(=O)O[C@H]1CC2=CC=CC=C2N(C(N)=O)C2=CC=CC=C12,0.0
OC[C@H]1O[C@H]([C@@H](F)[C@@H]1O)N1C=CC(=O)NC1=O,1.0
FC1=CN(C2CCCO2)C(=O)NC1=O,1.0
CC1=CN([C@H]2C[C@H](N=[N+]=[N-])[C@@H](CO)O2)C(=O)NC1=O,1.0
OC[C@H]1O[C@H](C[C@@H]1O)N1C=C(C(=O)NC1=O)C(F)(F)F,1.0
OC[C@H]1O[C@H](C[C@@H]1O)N1C=C(F)C(=O)NC1=O,1.0
OC[C@H]1O[C@H](C[C@@H]1O)N1C=C(Br)C(=O)NC1=O,1.0
NC(=O)CC[C@H](N(CCNC(=S)NC1=CC=C2C(=C1)C(=O)OC21C2=CC=C(O)C=C2OC2=C1C=CC(O)=C2)C(=O)C1=CC=C(NCC2=CN=C3N=C(N)NC(=O)C3=N2)C=C1)C(O)=O,0.0
[H][C@]12C[C@@H](NC)[C@@H](OC)[C@](C)(O1)N1C3=C(C=CC=C3)C3=C4[C@@H](O)NC(=O)C4=C4C5=C(C=CC=C5)N2C4=C13,1.0
FC1=CC=C(C=C1)N1C=C(C2CCN(CCN3CCNC3=O)CC2)C2=C1C=CC(Cl)=C2,0.0
COC1=NC(OC)=NC(NS(=O)(=O)C2=CC=C(N)C=C2)=C1,0.0
FC(F)(F)C1=CC=C(C=C1)C(=O)NN1C(=O)[C@H]2[C@H]([C@H]3C=C[C@@H]2[C@@H]2C[C@H]32)C1=O,0.0
CC(C)[C@H]1CC[C@@H](CC1)C(=O)N[C@H](CC1=CC=CC=C1)C(O)=O,0.0
CC(C)(C)NCC(O)COC1=CC=CC2=C1CCC(=O)N2,0.0
COC1=C(C=C2C(OC3=CC=C(NC(=O)NC4CC4)C(Cl)=C3)=CC=NC2=C1)C(N)=O,1.0
NC1=CC=CC=C1NC(=O)C1=CC=C(CNC2=NC=CC(=N2)C2=CC=CN=C2)C=C1,1.0
CC(C)(C)C1=NC(=C(S1)C1=NC(N)=NC=C1)C1=C(F)C(NS(=O)(=O)C2=C(F)C=CC=C2F)=CC=C1,1.0
CCCCC1=NC(Cl)=C(CO)N1CC1=CC=C(C=C1)C1=CC=CC=C1C1=NNN=N1,0.0
[H][C@@]12CCC[C@]1([H])[C@H](N(C2)C(=O)[C@@H](NC(=O)[C@@H](NC(=O)C1=NC=CN=C1)C1CCCCC1)C(C)(C)C)C(=O)N[C@@H](CCC)C(=O)C(=O)NC1CC1,0.0
[H][C@@]12CC[C@@H](C)[C@]3([H])CC[C@@]4(C)OO[C@@]13[C@]([H])(O[C@@H](OC(=O)CCC(O)=O)[C@@H]2C)O4,1.0
NC1=NC(=O)C2=C(NC[C@H](CNC3=CC=C(C=C3)C(=O)N[C@@H](CCC(O)=O)C(O)=O)N2C=O)N1,0.0
CN1C2=C(C=C(Cl)C=C2)N(C2=CC=CC=C2)C(=O)CC1=O,0.0
CN1CCN(CC2=CC=C(C=C2)C(=O)NC2=CC(NC3=NC=CC(=N3)C3=CN=CC=C3)=C(C)C=C2)CC1,1.0
C(C(C1CCCCC1)C1CCCCC1)C1CCCCN1,0.0
C[N+](C)(CCCCCC[N+](C)(C)C1C2=C(C=CC=C2)C2=C1C=CC=C2)C1C2=C(C=CC=C2)C2=C1C=CC=C2,0.0
COC1=C(Cl)C=C(CNC2=C(C=NC(=N2)N2CCC[C@H]2CO)C(=O)NCC2=NC=CC=N2)C=C1,0.0
CCOC(=O)[N-]C1=C[N+](=NO1)N1CCOCC1,0.0
[H][C@@]12CC(=O)N1[C@@H](C(O)=O)\C(O2)=C\CO,0.0
OS(=O)(=O)ON1[C@H]2C[N@]([C@@H](CC2)C(=O)NC2CCNCC2)C1=O,0.0
CC(=O)OC1=CC=CC2=C1C(=O)C1=C(OC(C)=O)C=C(C=C1C2=O)C(O)=O,0.0
OCCNCCNC1=CC=C(NCCNCCO)C2=C1C(=O)C1=C(C(O)=CC=C1O)C2=O,1.0
OC1=CC=CC2=C1C(=O)C1=C(C=CC=C1O)C2=O,0.0
C[N+](C)([O-])CCNC1=CC=C(NCC[N+](C)(C)[O-])C2=C1C(=O)C1=C(O)C=CC(O)=C1C2=O,1.0
CN(C)CCN1C(=O)C2=CC=CC3=CC(N)=CC(C1=O)=C23,1.0
OCC1=C(O)C=CC(=C1)C(O)CNCCCCCCOCCCCC1=CC=CC=C1,0.0
COC1=CC=CC=C1OCCNCC(O)COC1=CC=CC2=C1C1=CC=CC=C1N2,0.0
CCCCCCCC(=O)CC[C@H]1[C@H](O)C[C@H](O)[C@@H]1C\C=C/CCCC(O)=O,0.0
[H][C@@]12N(C)C3=CC(OC)=C(C=C3[C@@]11CCN3CC=C[C@](CC)([C@@]13[H])[C@@]([H])(OC(C)=O)[C@]2(O)C(=O)OC)[C@]1(C[C@@]2([H])CN(CC(CC)=C2)CC2=C1NC1=CC=CC=C21)C(=O)OC,1.0
CNS(=O)(=O)CCC1=CC2=C(NC=C2C2CCN(C)CC2)C=C1,0.0
CC(=O)NC1=CC=C(C=C1)C(=O)NC1=CC=CC=C1N,1.0
O[Bi]1OC2=CC(=CC(O)=C2O1)C(O)=O,0.0
CN1CCC2=C(C1)C(C1=CC=CC=C21)C1=CC=CC=C1,0.0
CNC(=O)C1=CC(OC2=CC(F)=C(NC(=O)NC3=CC=C(Cl)C(=C3)C(F)(F)F)C=C2)=CC=N1,1.0
CNC(=O)C1=NC=CC(OC2=CC=C(NC(=O)NC3=CC(=C(Cl)C=C3)C(F)(F)F)C=C2)=C1,1.0
[H][C@@]12CCCN1C(=O)[C@H](CC1=CC=CC=C1)N1C(=O)[C@](NC(=O)[C@H]3CN(C)[C@]4([H])CC5=CNC6=CC=CC(=C56)[C@@]4([H])C3)(O[C@@]21O)C(C)C,0.0
[H][C@@]12CCCN1C(=O)[C@H](CC1=CC=CC=C1)N1C(=O)[C@](C)(NC(=O)[C@H]3CN(C)[C@]4([H])CC5=CNC6=CC=CC(=C56)[C@@]4([H])C3)O[C@@]21O,0.0
NC1=NC(=O)N(C=C1)[C@@H]1O[C@H](CO)[C@](O)(C#C)[C@H]1O,1.0
NC1=NC(=O)N(C=C1)[C@@H]1O[C@H](CO)[C@@H](O)[C@@H]1O,1.0
NC1=NC(=O)N(C=C1)[C@@H]1O[C@H](CO)[C@@H](O)C1(F)F,1.0
CCCCCCCCCCCCCCCC(=O)NC1=NC(=O)N(C=C1)[C@@H]1O[C@H](CO)[C@@H](O)[C@@H]1C#N,1.0
NC1=NC(=O)N(C=C1Cl)[C@H]1C[C@H](O)[C@@H](CO)O1,1.0
NC1=NC(=O)N(C=C1I)[C@@H]1O[C@H](CO)[C@@H](O)[C@@H]1F,1.0
CCCCCOC(=O)NC1=NC(=O)N(C=C1F)[C@@H]1O[C@H](C)[C@@H](O)[C@H]1O,1.0
[H][C@]1(O)CCCN[C@]1([H])CC(=O)CN1C=NC2=C(C=C(Cl)C(Br)=C2)C1=O,1.0
CC1=CN([C@@H]2O[C@H](CO)C=C2)C(=O)NC1=O,0.0
CCCNC(C)C(=O)NC1=C(SC=C1C)C(=O)OC,0.0
[Sr++].[Sr++].[O-]C(=O)CN(CC([O-])=O)C1=C(C#N)C(CC([O-])=O)=C(S1)C([O-])=O,0.0
CO[C@H]1\C=C\O[C@@]2(C)OC3=C(C2=O)C2=C(C(O)=C3C)C(=O)C(NC(=O)\C(C)=C/C=C/[C@H](C)[C@H](O)[C@@H](C)[C@@H](O)[C@@H](C)[C@H](OC(C)=O)[C@@H]1C)=C1NC3(CCN(CC3)CC(C)C)N=C21,0.0
CN1C=NC2=C(F)C(NC3=C(Cl)C=C(Br)C=C3)=C(C=C12)C(=O)NOCCO,1.0
CN1C=NC2=C(F)C(NC3=CC=C(Br)C=C3F)=C(C=C12)C(=O)NOCCO,1.0
N[C@]1(C[C@H]([18F])C1)C(O)=O,0.0
C[C@H](CSC(=O)C1=CC=CC=C1)C(=O)N1C[C@H](C[C@H]1C(O)=O)SC1=CC=CC=C1,0.0
NC(=N)NCC1COC2=C(O1)C=CC=C2,0.0
CC[C@@H]1[C@@H]2CN([C@@H]1C(=O)N[C@@]1(C[C@H]1C(F)F)C(=O)NS(=O)(=O)C1(C)CC1)C(=O)[C@@H](NC(=O)O[C@@H]1C[C@H]1CCCCC(F)(F)C1=C(O2)N=C2C=C(OC)C=CC2=N1)C(C)(C)C,0.0
COC1=CC2=NC3=C(CCCCC[C@@H]4C[C@H]4OC(=O)N[C@H](C(=O)N4C[C@@H](C[C@H]4C(=O)N[C@@]4(C[C@H]4C=C)C(=O)NS(=O)(=O)C4CC4)O3)C(C)(C)C)N=C2C=C1,0.0
C1CN2CCC1C(C2)N1C2=CC=CC=C2CCC2=CC=CC=C12,0.0
NC(=O)C1=NC=CN=C1,0.0
NC(=N)NC(=O)C1=NC(Cl)=C(N)N=C1N,0.0
NC(=O)C1=NC(F)=CN=C1O,0.0
[H][C@@](OC1=CC=CC=C1OCC)(C1=CC=CC=C1)[C@@]1([H])CNCCO1,0.0
[H][C@@]1(CC[C@@]2([H])[C@]3([H])CC[C@@]4([H])NC(=O)C=C[C@]4(C)[C@@]3([H])CC[C@]12C)C(=O)NC1=CC(=CC=C1C(F)(F)F)C(F)(F)F,1.0
CCN(CC)CCOC1=CC=C(CC2=CC=CC=C2)C=C1,1.0
CN(C)CCOC(C1=CC=CC=C1)C1=CC=CC=C1,0.0
ClC(Cl)C(C1=CC=C(Cl)C=C1)C1=CC=CC=C1Cl,0.0
CN(C)CCC(O)(C1=CC=CC=C1)C1=CC=CC=C1Cl,0.0
CCC(=O)C(CC(C)N(C)C)(C1=CC=CC=C1)C1=CC=CC=C1,0.0
CC(C)[N+](C)(CCC(C(N)=O)(C1=CC=CC=C1)C1=CC=CC=C1)C(C)C,0.0
CC(C)N(CC[C@H](C1=CC=CC=C1)C1=C(O)C=CC(C)=C1)C(C)C,0.0
CC[C@H](OC(C)=O)C(C[C@H](C)N(C)C)(C1=CC=CC=C1)C1=CC=CC=C1,0.0
CC(C)CN1C=NC2=C1C1=C(C=CC=C1)N=C2N,0.0
C\C=C1/NC(=O)[C@H]2CSSCC\C=C\[C@H](CC(=O)N[C@H](C(C)C)C(=O)N2)OC(=O)[C@@H](NC1=O)C(C)C,1.0
CN1C(CCCC(O)=O)=NC2=CC(=CC=C12)N(CCCl)CCCl,1.0
CCCSC1=CC2=C(C=C1)N=C(NC(=O)OC)N2,0.0
CC(C)(C)NC[C@H](O)COC1=CC=CC=C1C1CCCC1,0.0
CC1=C(C)C2=C(C=C1)C(=O)C1=CC=CC(CC(O)=O)=C1O2,1.0
CCN(CCO)CCCC(C)NC1=C2C=CC(Cl)=CC2=NC=C1,1.0
OC1=CC=CC2=C1N=CC=C2,0.0
COC1=CC(NC(C)CCCN)=C2N=CC=CC2=C1,0.0
CCCCOC1=NC2=CC=CC=C2C(=C1)C(=O)NCCN(CC)CC,0.0
CC(C(O)=O)C1=CC(OC2=CC=CC=C2)=CC=C1,0.0
N[C@@H](CC1=CC(I)=C(OC2=CC(I)=C(O)C=C2)C(I)=C1)C(O)=O,0.0
CC(C)[N+](C)(CCOC(=O)C1C2=CC=CC=C2OC2=CC=CC=C12)C(C)C,0.0
CC[N+](C)(CC)CCOC(=O)C1C2=CC=CC=C2OC2=CC=CC=C12,0.0
NC(=O)C([C@@H]1CCN(CCC2=CC3=C(OCC3)C=C2)C1)(C1=CC=CC=C1)C1=CC=CC=C1,0.0
FC(F)(F)CNC(=O)C1(CCCCN2CCC(CC2)NC(=O)C2=C(C=CC=C2)C2=CC=C(C=C2)C(F)(F)F)C2=CC=CC=C2C2=CC=CC=C12,0.0
C[C@@H](CN1CC(=O)NC(=O)C1)N1CC(=O)NC(=O)C1,0.0
CC1=NC=C(CNC(=O)N(CCCl)N=O)C(N)=N1,1.0
CC1=CC(=NO1)C(=O)NNCC1=CC=CC=C1,0.0
CN1CCN(CC1)C(=O)O[C@@H]1N(C(=O)C2=NC=CN=C12)C1=NC=C(Cl)C=C1,0.0
CN1CCN(CC1)C(=O)OC1N(C(=O)C2=NC=CN=C12)C1=NC=C(Cl)C=C1,0.0
[H][C@@]12CCCN1C(=O)[C@H](C(C)C)N1C(=O)[C@](NC(=O)[C@H]3CN(C)[C@]4([H])CC5=CNC6=CC=CC(=C56)[C@@]4([H])C3)(O[C@@]21O)C(C)C,0.0
[H][C@@]12CCCN1C(=O)[C@H](CC(C)C)N1C(=O)[C@](NC(=O)[C@H]3CN(C)[C@]4([H])CC5=CNC6=CC=CC(=C56)[C@@]4([H])C3)(O[C@@]21O)C(C)C,0.0
CC1=NC(NC2=NC=C(S2)C(=O)NC2=C(C)C=CC=C2Cl)=CC(=N1)N1CCN(CCO)CC1,1.0
CCC1=C(O[C@@H]2CCN(C2)C(=O)C=C)N=C(NC2=CC=C(C=C2)N2CCC(CC2)N2CCN(C)CC2)C(=N1)C(N)=O,1.0
[2H]C([2H])([2H])OC1=CC2=C(C=C1OC([2H])([2H])[2H])[C@@H]1CC(=O)[C@@H](CC(C)C)CN1CC2,0.0
COC1=C(OC)C=C2C3CC(=O)C(CC(C)C)CN3CCC2=C1,0.0
CC1=[N+]([O-])C=C(N=C1)C(O)=O,0.0
OC(CNCC(O)C1CCC2=C(O1)C=CC(F)=C2)C1CCC2=C(O1)C=CC(F)=C2,0.0
[H][C@@]1(CCC2=CC=CC=C2N(CC(O)=O)C1=O)N[C@@H](CCC1=CC=CC=C1)C(=O)OCC,0.0
OC(=O)C1=C(O)C=CC(=C1)C1=C(F)C=C(F)C=C1,0.0
C[C@@H](C(O)=O)C1=CC(F)=C(C=C1)C1=CC=CC=C1,1.0
OC[C@H]1O[C@@H](N2CC[C@@H](O)NC2=O)C(F)(F)[C@@H]1O,1.0
CN(N=O)C(=O)N[C@H]1[C@@H](O)O[C@H](CO)[C@@H](O)[C@@H]1O,1.0
OC[C@H]1O[C@H](S[Au])[C@H](O)[C@@H](O)[C@@H]1O,0.0
CCCCCCCCCCCCCCCCCCCCCCCCCC(=O)N[C@@H](CO[C@H]1O[C@H](CO)[C@H](O)[C@H](O)[C@H]1O)[C@H](O)[C@H](O)CCCCCCCCCCCCCC,1.0
CO[C@H]1O[C@H](CNC(=O)N(CCCl)N=O)[C@@H](O)[C@H](O)[C@H]1O,1.0
CN1CCN(CC1)C(C1=CC=CC=C1)C1=CC=CC=C1,0.0
C[C@H]1[C@H](NC(=O)C(=N/OC(C)(C)C(=O)O)\C2=CSC([NH3+])=N2)C(=O)N1S([O-])(=O)=O,0.0
NC1=CC=CC2=C1C(=O)N(C1CCC(=O)NC1=O)C2=O,1.0
O=C1N(C2CCC(=O)NC2=O)C(=O)C2=CC=CC=C12,1.0
NC1=NC(=O)N(C=C1)[C@@H]1CO[C@H](CO)O1,1.0
NC1=C(CC(O)=O)C=CC=C1C(=O)C1=CC=C(Br)C=C1,0.0
CC1=CC=C(C=C1)C(=O)C1=CC(=C(O)C(O)=C1)[N+]([O-])=O,0.0
COC1=CC(O)=C(C=C1)C(=O)C1=CC=CC=C1,0.0
NC(=O)CC1=CC=CC(C(=O)C2=CC=CC=C2)=C1N,0.0
CN(C)CCC(C1=CC=C(Cl)C=C1)C1=CC=CC=N1,0.0
CN(C)CCOC(C)(C1=CC=CC=C1)C1=CC=CC=N1,0.0
OC(=O)\C=C/C(O)=O.CN(C)CC[C@@H](C1=CC=C(Cl)C=C1)C1=CC=CC=N1,0.0
CC(C)N(CCC(C(N)=O)(C1=CC=CC=C1)C1=NC=CC=C1)C(C)C,0.0
CN(C)CCC(C1=CC=CC=C1)C1=CC=CC=N1,0.0
CN(C)CCOC(C1=CC=C(Cl)C=C1)C1=CC=CC=N1,0.0
CN(C)CCC(C1=CC=C(Br)C=C1)C1=CC=CC=N1,0.0
CN(C)CC[C@@H](C1=CC=C(Br)C=C1)C1=CC=CC=N1,0.0
C[C@H]1OC2=C(N)N=CC(=C2)C2=C(C#N)N(C)N=C2CN(C)C(=O)C2=C1C=C(F)C=C2,1.0
O.O[Al](O)O.O[Al](O)OS(=O)(=O)OC[C@H]1O[C@@](COS(=O)(=O)O[Al](O)O)(O[C@H]2O[C@H](COS(=O)(=O)O[Al](O)O)[C@@H](OS(=O)(=O)O[Al](O)O)[C@H](OS(=O)(=O)O[Al](O)O)[C@H]2OS(=O)(=O)O[Al](O)O)[C@@H](OS(=O)(=O)O[Al](O)O)[C@@H]1OS(=O)(=O)O[Al](O)O,0.0
OC(=O)C1=CC=CC=C1C(=O)NC1=CC=C(C=C1)S(=O)(=O)NC1=NC=CS1,0.0
O=C1CCC2=C(N1)C=CC(OCCCCC1=NN=NN1C1CCCCC1)=C2,0.0
[H][C@]1(OC(=C[C@H](N=C(N)N)[C@H]1NC(C)=O)C(O)=O)[C@H](O)[C@H](O)CO,0.0
OC1(N2CCN=C2C2=CC=CC=C12)C1=CC=C(Cl)C=C1,0.0
CC(C)N1N=CC=C1C1=C(COC2=CC=CC(O)=C2C=O)C=CC=N1,0.0
[H][C@@]12CC[C@@](O)(C#C)[C@@]1(CC)CC[C@]1([H])[C@@]3([H])CCC(C=C3CC[C@@]21[H])=NO,0.0
[H][C@@]12CC[C@@](OC(C)=O)(C#C)[C@@]1(CC)CC[C@]1([H])[C@@]3([H])CC\C(C=C3CC[C@@]21[H])=N/O,0.0
CN(C(=O)CN(CCO)CC(=O)N(C)C(C)(C)CC1=CC=CC=C1)C(C)(C)CC1=CC=CC=C1,0.0
CC1(C)NC(=O)N(C1=O)C1=CC(=C(C=C1)[N+]([O-])=O)C(F)(F)F,1.0
COC1=C(OC)C=C(C=C1)C(=O)N1CCN(CC1)C1=CC=C2NC(=O)CCC2=C1,1.0
[H][C@@](C)(O)[C@]([H])(CC)N1N=CN(C1=O)C1=CC=C(C=C1)N1CCN(CC1)C1=CC=C(OC[C@]2([H])CO[C@](CN3C=NC=N3)(C2)C2=C(F)C=C(F)C=C2)C=C1,0.0
CC1=C(OC2=C(C=CC=C2C(=O)OCCN2CCCCC2)C1=O)C1=CC=CC=C1,0.0
NC1=NC(=O)C2=C(N1)N(C=N2)[C@H]1C[C@H](O)[C@@H](COP(O)(=O)O[C@H]2C[C@@H](O[C@@H]2CO)N2C=NC(N)=NC2=O)O1,1.0
COC(=O)C1=C(C)NC(C)=C(C1C1=CC(=CC=C1)[N+]([O-])=O)C(=O)OC(C)(C)CN(C)CCC(C1=CC=CC=C1)C1=CC=CC=C1,0.0
[H][C@]1(CCCN1C(=O)[C@@H](NC(=O)OC)C(C)C)C1=NC=C(N1)C1=CC2=C(C=C1)N1[C@@H](OC3=C(C=CC(=C3)C3=CN=C(N3)[C@]3([H])CCCN3C(=O)[C@@H](NC(=O)OC)C(C)C)C1=C2)C1=CC=CC=C1,0.0
C[C@H](CC1=CC2=C(N(CCCO)CC2)C(=C1)C(N)=O)NCCOC1=CC=CC=C1OCC(F)(F)F,0.0
ClC1=C(CN2CCCC2=N)NC(=O)NC1=O,1.0
CC1=NC2=C(CCN(C(=O)C3=CC=C(NC(=O)C4=CC=CC=C4C4=CC=CC=C4)C=C3)C3=CC=CC=C23)N1,0.0
CCNC(=O)CCC\C=C/C[C@H]1[C@@H](O)C[C@@H](O)[C@@H]1\C=C\[C@@H](O)CCC1=CC=CC=C1,0.0
FC1=CC=C(C=C1)C(CCCN1CCC2(CC1)N(CNC2=O)C1=CC=CC=C1)C1=CC=C(F)C=C1,0.0
[Gd+3].CC([O-])=O.CC([O-])=O.CCC1=C(CC)/C2=C/C3=N/C(=C\N=C4/C=C(OCCOCCOCCOC)C(OCCOCCOCCOC)=C/C/4=N\C=C4/N=C(/C=C\1\[N-]\2)C(CCCO)=C4C)/C(C)=C3CCCO,1.0
[H][C@]12COC(=O)[C@]1([H])[C@H](C1=CC(OC)=C(O)C(OC)=C1)C1=C(C=C3OCOC3=C1)[C@H]2O[C@]1([H])O[C@]2([H])CO[C@H](O[C@@]2([H])[C@H](O)[C@H]1O)C1=CC=CS1,1.0
COC1=NN=C(C=C1)[C@@H](O)C1=C(Cl)C=C(F)C(=C1)C1=NC=NC2=C1C=CC(=C2)N1CCOCC1,1.0
ClC1=CC(Cl)=C(C=C1)[C@@H]1CS\C(S1)=C(\C#N)N1C=CN=C1,0.0
OC(=O)C1=C(I)C(NC(=O)CCCCC(=O)NC2=C(I)C=C(I)C(C(O)=O)=C2I)=C(I)C=C1I,0.0
CCN[C@@H]1C[C@H](N)[C@@H](O[C@H]2OC(CN)=CC[C@H]2N)[C@H](O)[C@H]1O[C@H]1OC[C@](C)(O)[C@H](NC)[C@H]1O,0.0
NC1=C2CCCCC2=NC2=CC=CC=C12,0.0
[H][C@]1(NC(=O)[C@H](CCCCN)NC(=O)[C@@H](CC2=CNC3=C2C=CC=C3)NC(=O)[C@H](CC2=CC=CC=C2)NC(=O)[C@H](CSSC[C@H](NC1=O)C(=O)N[C@H](CO)[C@@H](C)O)NC(=O)[C@H](N)CC1=CC=CC=C1)[C@@H](C)O,0.0
CC(C)C1=NC(=NC(C2=CC=C(F)C=C2)=C1\C=C\[C@@H](O)C[C@@H](O)CC(=O)O)N(C)S(C)(=O)=O,1.0
COC1=CC2=C(C=C1)C=C(CCC(C)=O)C=C2,0.0
COC1=CC2=C(C=CC=C2CCNC(C)=O)C=C1,0.0
CC(C)NCC(O)COC1=CC=CC2=C1C=CC=C2,0.0
CN(C\C=C\C#CC(C)(C)C)CC1=CC=CC2=CC=CC=C12,0.0
O=C(CCCC1=CC=CC=C1)OCC(COC(=O)CCCC1=CC=CC=C1)OC(=O)CCCC1=CC=CC=C1,0.0
CCCCN(CCCC)CCC(O)C1=C2C=CC(=CC2=C2C=C(Cl)C=C(Cl)C2=C1)C(F)(F)F,0.0
CCC1NC(=O)C2=CC(=C(Cl)C=C2N1)S(N)(=O)=O,0.0
CC1=NN(C(=O)\C1=N/NC1=CC=CC(C2=CC=CC(=C2)C(O)=O)=C1O)C1=CC=C(C)C(C)=C1,1.0
[H][C@]12CC3=C(C(O)=C(O)C=C3)C3=CC=CC(CCN1C)=C23,0.0
[H][C@]12C[C@]([H])(N(C(=O)[C@@]3([H])CC4=C(CN3C(=O)[C@H](CO)NC(=O)[C@H](CC3=CC=CS3)NC(=O)CNC(=O)[C@]3([H])C[C@@H](O)CN3C(=O)[C@@H]3CCCN3C(=O)[C@H](CCCNC(N)=N)NC(=O)[C@H](N)CCCNC(N)=N)C=CC=C4)[C@@]1([H])CCCC2)C(=O)N[C@@H](CCCNC(N)=N)C(O)=O,0.0
CC1=C2C3=C(C)C=C(O)C4=C3C3=C5C2=C(C(O)=C1)C(=O)C1=C5C(=C(O)C=C1O)C1=C(O)C=C(O)C(C4=O)=C31,1.0
CN1CC[C@H]([C@@H]1CO)C1=C(O)C=C(O)C2=C1OC(=CC2=O)C1=CC=C(C=C1Cl)C(F)(F)F,1.0
COC1=C(NC2=NC=CC(=N2)C2=CN(C)C3=C2C=CC=C3)C=C(NC(=O)C=C)C(=C1)N(C)CCN(C)C,1.0
CC(C)(C(O)=O)C1=CC=C(C=C1)C(O)CCCN1CCC(CC1)C(O)(C1=CC=CC=C1)C1=CC=CC=C1,0.0
CC(C)(C)C1=CC=C(C=C1)C(O)CCCN1CCC(CC1)C(O)(C1=CC=CC=C1)C1=CC=CC=C1,0.0
[H][C@@]12CC[C@H](O)[C@H](C(=O)OC)[C@@]1([H])C[C@]1([H])N(CCC3=C1NC1=CC=CC=C31)C2,0.0
CCOC(=O)COC1=CC2=C(C=C1)C(C)=C(CCN(CC)CC)C(=O)O2,0.0
CC(C)(C)C(O)\C=C\C1=CC2=C(OCO2)C=C1,0.0
CN(C)C\C=C\C(=O)N1CCCC[C@H](C1)N1C(NC(=O)C2=CC=NC(C)=C2)=NC2=C1C(Cl)=CC=C2,1.0
CCCCCCO[C@@H](C)C1=C(OC)C(=CC=C1)C1=CSC(NC(=O)C2=CC(Cl)=C(\C=C(/C)C(O)=O)C(Cl)=C2)=N1,0.0
[H][C@]12COC(=O)[C@]1([H])[C@H](C1=CC(OC)=C(O)C(OC)=C1)C1=CC3=C(OCO3)C=C1[C@H]2O[C@@H]1O[C@]2([H])CO[C@@H](C)O[C@@]2([H])[C@H](O)[C@H]1O,1.0
CC[C@@]1(O)C(=O)OCC2=C1C=C1N(CC3=C1N=C1C=C4OCCOC4=CC1=C3CN1CCN(C)CC1)C2=O,1.0
[H][C@@]12C(=O)CC[C@]11CCC(C)[C@@]2(C)[C@@H](C[C@@](C)(C=C)[C@@H](O)[C@@H]1C)OC(=O)CS[C@@H]1CC[C@@H](N)C[C@H]1O,0.0
[H][C@@]1(CC[C@@]2([H])[C@]3([H])[C@H](O)C[C@]4([H])C[C@H](O)CC[C@]4(C)[C@@]3([H])C[C@H](O)[C@]12C)[C@H](C)CCC(=O)NCCS(O)(=O)=O,0.0
[H][C@]12C[C@@H](O)[C@H](CC[C@@H](O)CCCCC)[C@@]1([H])CC1=C(C2)C(OCC(O)=O)=CC=C1,0.0
COC1=C(OC[C@H]2C[C@H]3CN(C)C[C@H]3C2)C=C2N=CN=C(NC3=CC=C(Cl)C(Cl)=C3F)C2=C1,1.0
CCN(CC)C(=O)N1CCN(C)CC1,0.0
COC1=CC2=C(C=C1)C(C)(C)C(=O)N(CCC1=CC=C(C=C1)S(=O)(=O)NC(=O)NC1CCCCC1)C2=O,0.0
CSC1=NC2=C(N1)C=C(Cl)C(OC1=CC=CC(Cl)=C1Cl)=C2,0.0
[H][C@@]12CCC(=O)[C@@]1(C)CC[C@@]1([H])[C@@]2([H])CCC2=C(O)C(=O)CC[C@]12C,1.0
CN1N=NC2=CC=C(C=C12)[C@@H](N1C=NC=N1)C1=CC=C(Cl)C=C1,1.0
NC1=NC(=O)C(Br)=C(N1)C1=CC=CC=C1,1.0
O=C(CCNNC(=O)C1=CC=NC=C1)NCC1=CC=CC=C1,0.0
COC1=C(OCCCN2CCC(CC2)C2=NOC3=C2C=CC(F)=C3)C=CC(=C1)C(C)=O,0.0
CNC(C)C1CCC(N)C(OC2C(N)CC(N)C(OC3OCC(C)(O)C(NC)C3O)C2O)O1,0.0
CNC[C@@H]1CC[C@@H](N)[C@@H](O[C@@H]2[C@@H](N)C[C@@H](N)[C@H](O[C@H]3OC[C@](C)(O)[C@H](NC)[C@H]3O)[C@H]2O)O1,0.0
[H][C@@]12CC[C@@](O)(CC#N)[C@@]1(C)CCC1=C3CCC(=O)C=C3CC[C@@]21[H],0.0
CNC(=O)C1=C(SC2=CC=C3C(NN=C3\C=C\C3=CC=CC=N3)=C2)C=CC=C1,1.0
CC1(C)C(C=C(Cl)Cl)C1C(=O)OCC1=CC(OC2=CC=CC=C2)=CC=C1,0.0
CN1C(=O)NN=C1CN1C=CC(=C(OC2=CC(=CC(Cl)=C2)C#N)C1=O)C(F)(F)F,0.0
COC1=CC=CC(=C1F)C1=C(C)N(CC2=C(C=CC=C2F)C(F)(F)F)C(=O)N(C[C@H](NCCCC(O)=O)C2=CC=CC=C2)C1=O,0.0
ClC1=CC2=C(OC(=O)N2)C=C1,0.0
CN1C(=O)N(C2=C1C=NC1=CC=C(C=C21)C1=CN=C2C=CC=CC2=C1)C1=CC=C(C=C1)C(C)(C)C#N,1.0
CCCNC1=NC(NC2=CC=C(C=C2)C#N)=NC=C1C#CCCCNC(=O)[C@H](C)N(C)C(=O)\C=C\CN(C)C,1.0
CCN1CC(CCN2CCOCC2)C(C1=O)(C1=CC=CC=C1)C1=CC=CC=C1,0.0
CC(C)(C#N)C1=CC(=CC(CN2C=NC=N2)=C1)C(C)(C)C#N,1.0
OC1=C2N(C[C@H]3O[C@@H]4CC[C@@H](C4)N3C2=O)C=C(C(=O)NCC2=C(F)C=C(F)C=C2F)C1=O,0.0
[H][C@@]12CCC(=O)[C@@]1(C)CC[C@@]1([H])[C@@]2([H])CC(=C)C2=CC(=O)C=C[C@]12C,1.0
CC(C)[C@@H](CS(=O)(=O)C(C)C)N1[C@@H]([C@H](C[C@](C)(CC(O)=O)C1=O)C1=CC=CC(Cl)=C1)C1=CC=C(Cl)C=C1,1.0
OC1=CC(=O)NC=C1Cl,1.0
OC(CN1C=NC=N1)(CN1C=NC=N1)C1=C(F)C=C(F)C=C1,0.0
OC(=O)CSC1=NN=C(Br)N1C1=CC=C(C2CC2)C2=C1C=CC=C2,0.0
[H][C@@]12CC(=C)[C@]([H])(CC[C@@]3([H])C[C@@H](C)C(=C)[C@@]([H])(C[C@]4([H])O[C@H](C[C@H](O)CN)[C@H](OC)[C@@]4([H])CC(=O)C[C@@]4([H])CC[C@]5([H])O[C@@]6([H])[C@H]7O[C@@]8(C[C@]7([H])O[C@@]6([H])[C@@]([H])(O8)[C@@]5([H])O4)CC1)O3)O2,1.0
[I-].[I-].[H][C@@]12CC3=CC=C(OC4=C5C(CC[N+](C)(C)[C@]5([H])CC5=CC(OC6=C(OC)C=C(CC[N+]1(C)C)C2=C6)=C(OC)C=C5)=CC(OC)=C4OC)C=C3,0.0
[H][C@@]12CC3=CC=C(OC4=C5C(CC[N+](C)(C)[C@]5([H])CC5=CC(OC6=C(OC)C=C(CC[N+]1(C)C)C2=C6)=C(OC)C=C5)=CC(OC)=C4OC)C=C3,0.0
COC1=CC(NC2=C(C=NC3=CC(OCCCN4CCN(C)CC4)=C(OC)C=C23)C#N)=C(Cl)C=C1Cl,1.0
CC(OC1=C(Cl)C=CC=C1Cl)C1=NCCN1,0.0
CC(C)NCC1CCC2=CC(CO)=C(C=C2N1)[N+]([O-])=O,0.0
[H][C@@](CC)(C1=CC(NS(=O)(=O)C2=NC=C(C=C2)C(F)(F)F)=CC=C1)C1=C(O)C[C@@](CCC)(CCC2=CC=CC=C2)OC1=O,0.0
[H][C@]12CN3C4=C([C@@H](COC(N)=O)[C@@]3(OC)[C@@]1([H])N2)C(=O)C(N)=C(C)C4=O,1.0
FC1=CC=C(C=C1)C(N1CCN(C\C=C\C2=CC=CC=C2)CC1)C1=CC=C(F)C=C1,0.0
C(C=CC1=CC=CC=C1)N1CCN(CC1)C(C1=CC=CC=C1)C1=CC=CC=C1,0.0
COC1=CC2=C(C=C1OCCCN1CCCC1)N=CN=C2OC1=C(F)C2=C(NC(C)=C2)C=C1,1.0
FC1=CC=C(CC2=NNC(=O)C3=CC=CC=C23)C=C1C(=O)N1CCN(CC1)C(=O)C1CC1,1.0
NC1=CC(=NC(N)=[N+]1[O-])N1CCCCC1,0.0
NC1=NC(N)=C2N=C(C(N)=NC2=N1)C1=CC=CC=C1,0.0
CCN(CCCCOC(=O)C1=CC(OC)=C(OC)C=C1)C(C)CC1=CC=C(OC)C=C1,0.0
CSCC[C@H](NC(=O)[C@H](CC1=CC=C(OS(O)(=O)=O)C=C1)NC(=O)[C@@H](N)CC(O)=O)C(=O)NCC(=O)N[C@@H](CC1=CNC2=CC=CC=C12)C(=O)N[C@@H](CCSC)C(=O)N[C@@H](CC(O)=O)C(=O)N[C@@H](CC1=CC=CC=C1)C(N)=O,0.0
C[C@@H]1CC(=O)NN=C1C1=CC=C(NN=C(C#N)C#N)C=C1,0.0
CN1N=CC2=CC(OC3=C(F)C=C(NC(=O)C4=CC=C(C)N(C4=O)C4=CC=C(F)C=C4)C=C3)=C(C=C12)C1=CNN=C1,1.0
CN1C(COC2=CC=C(CC3SC(=O)NC3=O)C=C2)=NC2=CC=C(OC3=CC(C)=C(N)C(C)=C3)C=C12,1.0
NS(=O)(=O)CC1=NOC2=CC=CC=C12,0.0
CCC1=C(CC)C=C2CC(CC2=C1)NC[C@H](O)C1=C2C=CC(=O)NC2=C(O)C=C1,0.0
CNC(=O)C1=CC=C(C=C1F)N1C(=S)N(C(=O)C11CCC1)C1=CC(=C(N=C1)C#N)C(F)(F)F,1.0
CN1C=NC=C1[C@@](N)(C1=CC=C(Cl)C=C1)C1=CC2=C(C=C1)N(C)C(=O)C=C2C1=CC(Cl)=CC=C1,1.0
CN1C2=C(C3=CC=CC=C13)C(=O)C(CN1C=CN=C1C)CC2,0.0
CNC1(C)C2CCC(C2)C1(C)C,0.0
CCCC1=CC(=O)NC(=S)N1,0.0
[H][C@@]12CC3=C(C=CC(=O)N3)[C@@](N)(CC(C)=C1)\C2=C\C,0.0
C[C@@H](OC1=CC(=NN=C1N)C(=O)NC1=CC=C(C=C1)C(=O)N1C[C@H](C)N[C@H](C)C1)C1=C(Cl)C=CC(F)=C1Cl,1.0
NC1=C2NC=NC2=NC=N1,0.0
CCCCC(CC)CN1CN(CC(CC)CCCC)CC(C)(N)C1,0.0
OC1=CC=C(C=C1)C1(OC2=CC=CC=C2NC1=O)C1=CC=C(O)C=C1,0.0
CN1C2=C(N=C(Cl)N2)C(=O)N(C)C1=O.CN(C)CCOC(C1=CC=CC=C1)C1=CC=CC=C1,0.0
CC1NC2=CC(Cl)=C(C=C2C(=O)N1C1=CC=CC=C1C)S(N)(=O)=O,0.0
CCCN(CCC)CCC1=C2CC(=O)NC2=CC=C1,0.0
COC1=CC2=C(C=C1OC)C(OC1=CC=C(NC(=O)C3(CC3)C(=O)NC3=CC=C(F)C=C3)C=C1)=CC=N2,1.0
OC1=CC=C(C=C1)C1=C(C(=O)C2=CC=C(OCCN3CCCCC3)C=C2)C2=C(S1)C=C(O)C=C2,1.0
OC(=O)[C@@H]1CCCN1,0.0
ClC1=CC=C(CCCOCCCN2CCCCC2)C=C1,0.0
CC[C@H]1[C@@H]2C[C@H]3[C@@H]4N(C)C5=CC=CC=C5[C@]44C[C@@H](C2[C@H]4O)N3[C@@H]1O,0.0
[H][C@](C)(NC(=O)[C@@]([H])(NC(=O)C1=NC(=NC(N)=C1C)[C@H](CC(N)=O)NC[C@H](N)C(N)=O)[C@@]([H])(OC1OC(CO)C(O)C(O)C1OC1OC(CO)C(O)C(OC(N)=O)C1O)C1=CNC=N1)[C@@H](O)[C@H](C)C(=O)N[C@]([H])(C(=O)NCCC1=NC(=CS1)C1=NC(=CS1)C(=O)NCCC[S+](C)C)[C@@]([H])(C)O,1.0
O=C1NC=CC(=O)N1.FC1=CN(C2CCCO2)C(=O)NC1=O,1.0
CN1C2=C(C=C(C=C2)[N+]([O-])=O)C(=NCC1=O)C1=CC=CC=C1F,0.0
[O-][N+](=O)C1=CC2=C(NC(=O)CN=C2C2=CC=CC=C2)C=C1,0.0
OC(C1=CC=CC=C1)(C1=CC=CC=C1)C12CC[N+](CCOCC3=CC=CC=C3)(CC1)CC2,0.0
[H][C@@]12[C@@H](C)C(=O)[C@H](C)C[C@@](C)(OC)[C@H](O[C@@H]3O[C@H](C)C[C@@H]([C@H]3O)N(C)C)[C@@H](C)C(=O)[C@@H](C)C(=O)O[C@H](CC)[C@@]1(C)OC(=O)N2CCCCN1C=NC(=C1)C1=CC=CN=C1,0.0
CC(C)[C@@H]1NC(=O)[C@H](CCCCN)NC(=O)[C@@H](CC2=CNC3=CC=CC=C23)NC(=O)[C@H](CC2=CC=C(O)C=C2)NC(=O)[C@H](CSSC[C@H](NC1=O)C(=O)N[C@@H](CC1=CNC2=CC=CC=C12)C(N)=O)NC(=O)[C@H](N)CC1=CC=CC=C1,1.0
CCOCCN1C(=NC2=CC=CC=C12)C1CCN(CCC2=CC=C(C=C2)C(C)(C)C(O)=O)CC1,0.0
CC1=CC=C(C=C1)C1=CC(=NN1C1=CC=C(C=C1)S(N)(=O)=O)C(F)(F)F,1.0
NC(=O)N1C2=CC=CC=C2C=CC2=CC=CC=C12,0.0
[Na+].[O-]C(=O)C[N+]12CC[N+]34CC(=O)O[Fe--]13(OC(=O)C2)OC(=O)C4,0.0
ONC(=O)CCCCCCNC(=O)C1=CN=C(N=C1)N(C1=CC=CC=C1)C1=CC=CC=C1Cl,1.0
ONC(=O)CCCCCCNC(=O)C1=CN=C(N=C1)N(C1=CC=CC=C1)C1=CC=CC=C1,1.0
CCN1CCCC1CNC(=O)C1=CC(=C(N)C=C1OC)S(=O)(=O)CC,0.0
CCN1CCCC1CNC(=O)C1=CC(=CC=C1OC)S(=O)(=O)CC,0.0
CCN1CCCC1CNC(=O)C1=C(OC)C=CC(=C1)S(N)(=O)=O,0.0
CCN1CCC[C@H]1CNC(=O)C1=C(OC)C=CC(Br)=C1OC,0.0
COC1=C(OCCCN2CCOCC2)C=CC2=C1N=C(NC(=O)C1=CN=C(N)N=C1)N1CCN=C21,1.0
CC1=CC=C2N3CCNC4CCCC(=C34)C2=C1,1.0
[Cl-].CCNC1=CC2=[O+]C3=C(C=C(C)C(NCC)=C3)C(C3=CC=CC=C3C(=O)OCC)=C2C=C1C,1.0
[H][C@@]12CC3=CN(C)C4=CC=CC(=C34)[C@]1(C[C@@H](COC(=O)C1=CN=CC(Br)=C1)CN2C)OC,0.0
NC(=O)C1=CC=CC2=CN(N=C12)C1=CC=C(C=C1)[C@@H]1CCCNC1,1.0
NS(=O)(=O)C1=CC=C(C=C1)N1CCCCS1(=O)=O,0.0
COC1=C(OC)C=C2C(OC3=CC(Cl)=C(NC(=O)NC4=NOC(C)=C4)C=C3)=CC=NC2=C1,1.0
CC[C@@]1(O)C(=O)OCC2=C1C=C1N(CC3=CC4=C(C=CC(O)=C4CN(C)C)N=C13)C2=O,1.0
CC[C@@]1(O)C(=O)OCC2=C1C=C1N(CC3=C1N=C1C=CC=C(N)C1=C3)C2=O,1.0
CC[C@@]1(O)C(=O)OCC2=C1C=C1N(CC3=C1N=C1C=CC=C(C1=C3)[N+]([O-])=O)C2=O,1.0
C[C@@H](OC1=CC(=CN=C1N)C1=CN(N=C1)C1CCNCC1)C1=C(Cl)C=CC(F)=C1Cl,1.0
CN(C1=CC2=NN(C)C(C)=C2C=C1)C1=CC=NC(NC2=CC=C(C)C(=C2)S(N)(=O)=O)=N1,1.0
CCC(=O)N(C1CCN(CCC2=CC=CC=C2)CC1)C1=CC=CC=C1,0.0
BrC1=CC2=C(NC(=O)CN=C2C2=CC=CC=N2)C=C1,0.0
[H]C(=O)[C@H](O)[C@@H](O)[C@]([H])(O[C@@]1([H])O[C@H](CO)[C@@]([H])(O[C@H]2O[C@H](C)[C@@H](N[C@@]3([H])C=C(CO)[C@@H](O)[C@H](O)[C@H]3O)[C@H](O)[C@H]2O)[C@H](O)[C@H]1O)[C@H](O)CO,0.0
OC(=O)C1=CN(C2CC2)C2=CC(N3CCNCC3)=C(F)C=C2C1=O,0.0
CCOC1=NC2=C(N1CC1=CC=C(C=C1)C1=CC=CC=C1C1=NOC(=O)N1)C(=CC=C2)C(=O)OCC1=C(C)OC(=O)O1,0.0
NCC=C.ClCC1CO1,0.0
BrC1=C(NC2=NCCN2)C=CC2=NC=CN=C12,0.0
CN(C)C(=O)C1=CC2=CN=C(NC3=CC=C(C=N3)N3CCNCC3)N=C2N1C1CCCC1,1.0
CC1=NN=C(NS(=O)(=O)C2=CC=C(N)C=C2)S1,0.0
CSC1=CC=C(C=C1)C(=O)C1=C(C)NC(=O)N1,0.0
OB1O[C@H](CC(O)=O)CC[C@@H]1NC(=O)CC1=CC=CS1,0.0
CN1CCC(CC1)C(=O)C1=CC=CC(NC(=O)C2=C(F)C=C(F)C=C2F)=N1,0.0
C[C@H](NC1=C2N=CNC2=NC=N1)C1=CC2=CC=CC(Cl)=C2C(=O)N1C1=CC=CC=C1,1.0
ClC1=CC=CC(=C1)N1CCN(CCCN2N=C3C=CC=CN3C2=O)CC1,0.0
ClC1=CC2=C(C=C1)N(C1CCN(CCCN3C(=O)NC4=CC=CC=C34)CC1)C(=O)N2,0.0
CN(C1CCN(CC1)C1=NC2=C(C=CC=C2)N1CC1=CC=C(F)C=C1)C1=NC=CC(=O)N1,0.0
[H][C@]12CC[C@]([H])([C@H]([C@H](C1)C1=CC=C([123I])C=C1)C(=O)OC)N2CCCF,0.0
N1N=CC=CC2=CC=CC=C12,0.0
[H][C@]1(CO)O[C@@]([H])(C2=C3N=CN=C(N)C3=NN2)[C@]([H])(O)[C@]1([H])O,1.0
ClC1=CC(Cl)=C(COC(CN2C=CN=C2)C2=C(Cl)C=C(Cl)C=C2)C=C1,0.0
ClC1=CC=C(COC(CN2C=CN=C2)C2=C(Cl)C=C(Cl)C=C2)C=C1,0.0
ClC1=CC(Cl)=C(C=C1)C(CN1C=CN=C1)OCC1=C(Cl)C=CC=C1Cl,0.0
OC(=O)C1=NC(=O)NC(=O)N1,0.0
CC1=CN=C(NC2=CC=C(OCCN3CCCC3)C=C2)N=C1NC1=CC=CC(=C1)S(=O)(=O)NC(C)(C)C,1.0
COC1=CC=C(CC(C)(C)NC[C@H](O)C2=C3OCC(=O)NC3=CC(O)=C2)C=C1,0.0
CC[C@H](C)[C@@H]([C@@H](CC(=O)N1CCC[C@H]1[C@H](OC)[C@@H](C)C(=O)NCCC1=CC=CC=C1)OC)N(C)C(=O)[C@@H](NC(=O)[C@H](C(C)C)N(C)C)C(C)C,1.0
[H][C@@]12CC[C@@](OC(C)=O)(C#C)[C@@]1(C)CC[C@]1([H])[C@@]3([H])CC[C@H](OC(C)=O)C=C3CC[C@@]21[H],0.0
C[N+]1(CCCCC[N+]2(C)CCCC2)CCCC1,0.0
CC1=CN(C=N1)C1=CC(NC(=O)C2=CC=C(C)C(NC3=NC=CC(=N3)C3=CN=CC=C3)=C2)=CC(=C1)C(F)(F)F,1.0
[H][C@@]12C[C@]1([H])[C@@]1(C)C(=CC2=O)C(Cl)=C[C@@]2([H])[C@]3([H])CC[C@](OC(C)=O)(C(C)=O)[C@@]3(C)CC[C@]12[H],1.0
ClC1=C(CCN2CCN(CC2)C2=NSC3=CC=CC=C23)C=C2CC(=O)NC2=C1,0.0
CN1CCN(CC1)C1=CC=C(C(=O)NC2=NNC3=CC=C(CC4=CC(F)=CC(F)=C4)C=C23)C(NC2CCOCC2)=C1,1.0
N#CC[C@H](C1CCCC1)N1C=C(C=N1)C1=C2C=CNC2=NC=N1,1.0
CC(C)CN(C[C@@H](O)[C@H](CC1=CC=CC=C1)NC(=O)O[C@H]1CCOC1)S(=O)(=O)C1=CC=C(N)C=C1,0.0
CC(C)CN(C[C@@H](OP(O)(O)=O)[C@H](CC1=CC=CC=C1)NC(=O)O[C@H]1CCOC1)S(=O)(=O)C1=CC=C(N)C=C1,0.0
CO[C@]1(CC[C@@H](CC1)C1=NC(NC2=NNC(C)=C2)=CC(C)=N1)C(=O)N[C@@H](C)C1=CC=C(N=C1)N1C=C(F)C=N1,1.0
COC1=CN=C(O[C@@H]2C[C@H](N(C2)C(=O)[C@@H](NC(=O)OC(C)(C)C)C(C)(C)C)C(=O)N[C@@]2(C[C@H]2C=C)C(=O)NS(=O)(=O)C2CC2)C2=C1C=CC(Cl)=C2,0.0
COC1=C(OC)C(OC)=C(CN2CCNCC2)C=C1,0.0
CCOC(=O)[C@H](CCC1=CC=CC=C1)N[C@@H](C)C(=O)N1CC2(C[C@H]1C(O)=O)SCCS2,0.0
CC1=C(N(N=C1C(=O)NN1CCCCC1)C1=C(Cl)C=C(Cl)C=C1)C1=CC=C(Cl)C=C1,0.0
CC(C)N(CCCCOCC(=O)NS(C)(=O)=O)C1=NC(C2=CC=CC=C2)=C(N=C1)C1=CC=CC=C1,0.0
CN1CC[C@H](C[C@@H]1C1=NC2=CC=CC=C2N1)NC(=O)NC1=CC=C(C=C1)C#N,1.0
CSCC[C@H](NC(=O)[C@H](CC1=CNC2=C1C=CC=C2)NC(=O)CCNC(=O)OC(C)(C)C)C(=O)N[C@@H](CC(O)=O)C(=O)N[C@@H](CC1=CC=CC=C1)C(N)=O,0.0
CCOC1=CC(=CC=C1OC)[C@@H](CS(C)(=O)=O)N1C(=O)C2=CC=CC(NC(C)=O)=C2C1=O,0.0
CC(C)OC1=C(NC2=NC=C(Cl)C(N2)=NC2=CC=CC=C2S(=O)(=O)C(C)C)C=C(C)C(=C1)C1CCNCC1,1.0
CCC1=C(C)\C2=C\C3=C(C=C)C(C)=C(N3)\C=C3/N=C([C@@H](CCC(O)=O)[C@@H]3C)/C(/CC(=O)N[C@@H](CC(O)=O)C(O)=O)=C3\N\C(=C/C1=N2)C(C)=C3C(O)=O,1.0
NC(=O)C1=CSC(=N1)[C@@H]1O[C@H](CO)[C@@H](O)[C@H]1O,1.0
CC1=CC=CC=C1N1CCN(CCC2=NN=C3CCCCN23)CC1,0.0
CNC(NCCSCC1=CSC(CN(C)C)=N1)=C[N+]([O-])=O,0.0
CC(C(O)=O)C1=CC=C(S1)C(=O)C1=CC=CC=C1,0.0
CC(C(O)=O)C1=CC=C(C=C1)C(=O)C1=CC=CS1,0.0
[H][C@@]12C(=O)CC[C@]11CC[C@@H](C)[C@@]2(C)[C@@H](C[C@@](C)(C=C)[C@@H](O)[C@@H]1C)OC(=O)CS[C@H]1C[C@@H]2CC[C@H](C1)N2C,0.0
OC[C@H]1NC[C@H](O)[C@@H](O)[C@H]1O,0.0
OCCN1C[C@H](O)[C@@H](O)[C@H](O)[C@H]1CO,0.0
CC(C)C[C@H](NC(=O)[C@H](CC1=CC=CC=C1)NC(=O)[C@H](CCC(O)=O)NC(=O)[C@@H](N)CCCCN)C(=O)N[C@@H](CC1=CN=CN1)C(=O)N1CCC[C@H]1C(=O)N[C@@H](CO)C(=O)N[C@@H](CCCCN)C(=O)N[C@@H](C(C)C)C(=O)N[C@@H](CC(O)=O)C(=O)N[C@@H](CC(C)C)C(=O)N1CCC[C@H]1C(=O)N[C@@H](CCCNC(N)=N)C(O)=O,1.0
COC1=NC2=C(C=C(Br)C=C2)C=C1[C@@H](C1=CC=CC=C1)[C@@](O)(CCN(C)C)C1=CC=CC2=C1C=CC=C2,0.0
OC(=O)C1=CC=C2N=C(OC2=C1)C1=CC(Cl)=CC(Cl)=C1,0.0
CC(C(O)=O)C1=CC2=C(OC(=N2)C2=CC=C(Cl)C=C2)C=C1,0.0
[H][C@]1(CC[C@H](O)C2=CC=C(F)C=C2)C(=O)N(C2=CC=C(F)C=C2)[C@]1([H])C1=CC=C(O)C=C1,0.0
S=P(N1CC1)(N1CC1)N1CC1,1.0
NC(=O)N1CCC(CC(=O)N2CCC(CC2)[C@H]2C3=C(CCC4=C2C(Br)=CC(Cl)=C4)C=C(Br)C=N3)CC1,1.0
[H][C@@]1(C)CCN(CCN1C(=O)C1=C(C=CC(C)=C1)N1N=CC=N1)C1=NC2=C(O1)C=CC(Cl)=C2,0.0
[H][C@]12SC(C)(C)[C@@H](N1C(=O)[C@H]2NC(=O)C1=C(C)ON=C1C1=C(Cl)C=CC=C1Cl)C(O)=O,0.0
[H][C@]12SC(C)(C)[C@@H](N1C(=O)[C@H]2NC(=O)C1=C(C)ON=C1C1=CC=CC=C1Cl)C(O)=O,0.0
[H][C@]12SC(C)(C)[C@@H](N1C(=O)[C@H]2NC(=O)C1=C(C)ON=C1C1=C(Cl)C=CC=C1F)C(O)=O,0.0
[H][N]([H])([H])[Pt]1(OCC(=O)O1)[N]([H])([H])[H],1.0
FC(F)(F)C1=CC(=CC=C1)N1CCN(CCOC(=O)C2=CC=CC=C2NC2=C3C=CC(=CC3=NC=C2)C(F)(F)F)CC1,0.0
CC1=NC(NS(=O)(=O)C2=CC=C(N)C=C2)=NC=C1,0.0
NC1=CC=C(C=C1)S(=O)(=O)NC1=NC=CC=N1,0.0
CC1=CC(C)=NC(NS(=O)(=O)C2=CC=C(N)C=C2)=N1,0.0
COCCOC1=CN=C(NS(=O)(=O)C2=CC=CC=C2)N=C1,0.0
COC1=CN=C(NS(=O)(=O)C2=CC=C(N)C=C2)N=C1,0.0
CN(C)CCN1C2=CC=CC=C2N(C)C2=CC=CC=C2C1=O,0.0
[H]N([H])CCCCC1N([H])C(=O)C(CC2=CN([H])C3=CC=CC=C23)N([H])C(=O)C(CC2=CC=C(O)C=C2)N([H])C(=O)C(CSSCC(N([H])C(=O)C(N([H])C1=O)C(C)C)C(=O)N([H])C(C(C)O)C(=O)N([H])[H])N([H])C(=O)C(CC1=CC2=CC=CC=C2C=C1)N([H])[H],1.0
C(CN1CCCC1)OC1=CC=C2NC3=NC=CC(=N3)C3=CC(COC\C=C\COCC1=C2)=CC=C3,1.0
COC1=NC(C)=NC(Cl)=C1NC1=NCCN1,0.0
CN(C)CCC1=CNC2=CC=C(C[C@H]3COC(=O)N3)C=C12,0.0
[H][C@@]1(CNC2=C(N1)C(=O)NC(N)=N2)[C@@H](O)[C@H](C)O,0.0
CCN1C=C(C(O)=O)C(=O)C2=C1N=C(C)C=C2,0.0
CO[C@@H]1[C@@H](C[C@H]2O[C@]1(C)N1C3=C(C=CC=C3)C3=C1C1=C(C4=C(C=CC=C4)N21)C1=C3CNC1=O)N(C)C(=O)C1=CC=CC=C1,1.0
NCCNC1=CC=C(NCCN)C2=C1C(=O)C1=C(C=NC=C1)C2=O,1.0
CNCC[C@H](OC1=CC=CC2=CC=CC=C12)C1=CC=CS1,0.0
C[C@@H]1CN(C2=NC(=CC=C2C(=O)NS(=O)(=O)C2=CN(C)N=C2C)N2C=CC(OCC(C)(C)C(F)(F)F)=N2)C(C)(C)C1,0.0
CC(C)NC(=O)NS(=O)(=O)C1=C(NC2=CC=CC(C)=C2)C=CN=C1,0.0
CC1OC(C)OC(C)O1,0.0
OC(=O)C1=CC=CC(=C1)C1=NOC(=N1)C1=CC=CC=C1F,0.0
CN1CCC(CC1)N(CC1=CC=CS1)C1=CC=CC=C1,0.0
CN(C)CCCOC1=NN(CC2=CC=CC=C2)C2=CC=CC=C12,0.0
OC(=O)COC1=NN(CC2=CC=CC=C2)C2=CC=CC=C12,0.0
OC(=O)C1=NN(CC2=C(Cl)C=C(Cl)C=C2)C2=C1C=CC=C2,1.0
CCC1=C2CN3C(=CC4=C(COC(=O)[C@]4(O)CC)C3=O)C2=NC2=CC=C(OC(=O)N3CCC(CC3)N3CCCCC3)C=C12,1.0
CC(C)OC(=O)CCC\C=C/C[C@H]1[C@@H](O)C[C@@H](O)[C@@H]1\C=C\C(F)(F)COC1=CC=CC=C1,0.0
CC(C)OC(=O)CCC\C=C/C[C@H]1[C@@H](O)C[C@@H](O)[C@@H]1\C=C\[C@@H](O)COC1=CC=CC(=C1)C(F)(F)F,0.0
CC1=C(CCO)SC=[N+]1CC1=CN=C(C)N=C1N,0.0
CC(C)(C)NCC(O)COC1=CC=CC2=C1C[C@H](O)[C@H](O)C2,0.0
CC1=C(CCNCC2=CC=C(\C=C\C(=O)NO)C=C2)C2=CC=CC=C2N1,1.0
CNS(=O)(=O)CC1=CC=C2NC=C(CCN(C)C)C2=C1,0.0
COC1=CC2=C(NC=C2CCNC(C)=O)C=C1,1.0
CCCCCNC(=N)N\N=C\C1=CNC2=C1C=C(OC)C=C2,0.0
N[C@@H](CC1=CNC2=C1C=CC=C2)C(O)=O,0.0
[H][C@@]12CC[C@](O)(C(=O)COC(=O)CCCC3=CC=C(C=C3)N(CCCl)CCCl)[C@@]1(C)C[C@]([H])(O)[C@@]1([H])[C@@]2([H])CCC2=CC(=O)C=C[C@]12C,1.0
CCNCCS(=O)(=O)NC[C@]1(SC(NC(=O)C(C)(C)C)=NN1C(=O)C(C)(C)C)C1=CC=CC=C1,1.0
CCC1=C(C)CN(C(=O)NCCC2=CC=C(C=C2)S(=O)(=O)NC(=O)N[C@H]2CC[C@H](C)CC2)C1=O,0.0
ClC1=C(Cl)C=C(NC(=O)NS(=O)(=O)C2=CC=C3OCCC3=C2)C=C1,1.0
CC1=CC2=C(C=C1C(=C)C1=CC=C(C=C1)C(O)=O)C(C)(C)CCC2(C)C,1.0
COC1=C(OCCCCCCC(=O)NO)C=C2C(NC3=CC=CC(=C3)C#C)=NC=NC2=C1,1.0
COCCOC1=CC2=C(C=C1OCCOC)C(NC1=CC(=CC=C1)C#C)=NC=N2,1.0
[O-][N+](=O)C1=CN2C[C@@H](COC2=N1)OCC1=CC=C(OC(F)(F)F)C=C1,0.0
NC(=O)C1=C2NCC[C@@H](C3CCN(CC3)C(=O)C=C)N2N=C1C1=CC=C(OC2=CC=CC=C2)C=C1,1.0
[H][C@@]12CN(C(=O)[C@@]([H])(NC(=O)O[C@]3([H])CCC[C@@]3([H])OC\C=C\C(F)(F)C3=NC4=C(C=CC=C4)N=C3O1)C(C)(C)C)[C@@]([H])(C2)C(=O)N[C@@]1(C[C@H]1C(F)F)C(=O)NS(=O)(=O)C1(C)CC1,0.0
[H][C@]12CCN(CCCC(=O)C3=CC=C(F)C=C3)C[C@@]1([H])C1=CC=CC3=C1N2CCN3C,0.0
CCN(C(C)=O)C1=CC=CC(=C1)C1=CC=NC2=C(C=NN12)C#N,0.0
COC1=NC=C(CN2C3CC2CN(C3)C2=CC=C(C=N2)C2=CC(OCC(C)(C)O)=CN3N=CC(C#N)=C23)C=C1,1.0
NC1=NC(N)=C(N=N1)C1=C(Cl)C(Cl)=CC=C1,0.0
CCOC1=CC=CC=C1OCC1CNCCO1,0.0
COC1=CC(=CC(OC)=C1OC)C(=O)NCC1=CC=C(OCCN(C)C)C=C1,0.0
O=S1(=O)CCN(CN2CCS(=O)(=O)NC2)CN1,1.0
CN1C(=O)C=C(N2CCC[C@@H](N)C2)N(CC2=C(C=CC=C2)C#N)C1=O,0.0
[H][C@@]12[C@H]3CC[C@H](C3)[C@]1([H])C(=O)N(C[C@@H]1CCCC[C@H]1CN1CCN(CC1)C1=NSC3=CC=CC=C13)C2=O,0.0
